State_Code,state,District_Key,Cowin Key,District,tot_ind_registered,tot_sess_conducted,tot_sites ,first_dose_administered,second_dose_administered,male_ind _vaccinated,female_Ind_vaccinated,trans_ind_vaccinated,tot_covaxin_administered,tot_covishield_administered
AN,Andaman and Nicobar Islands,AN_Nicobars,Nicobar,Nicobars,7850,500,5,7850,671,4084,3766,0,0,8521
AN,Andaman and Nicobar Islands,AN_North and Middle Andaman,North and Middle Andaman,North and Middle Andaman,28403,1200,12,28403,1985,14917,13483,3,0,30388
AN,Andaman and Nicobar Islands,AN_South Andaman,South Andaman,South Andaman,51612,1800,18,51612,6871,28710,22897,5,0,58483
AP,Andhra Pradesh,AP_Anantapur,Anantapur,Anantapur,363238,23800,89,363238,67259,184361,178810,67,59730,370767
AP,Andhra Pradesh,AP_Chittoor,Chittoor,Chittoor,442042,7850,59,442042,101770,218179,223823,40,90183,453629
AP,Andhra Pradesh,AP_East Godavari,East Godavari,East Godavari,430314,3550,24,430314,128727,228732,201529,53,104217,454824
AP,Andhra Pradesh,AP_Guntur,Guntur,Guntur,402636,3400,24,402636,97126,216174,186431,31,120056,379706
AP,Andhra Pradesh,AP_Krishna,Krishna,Krishna,414345,4050,29,414345,96793,214574,199728,43,135845,375293
AP,Andhra Pradesh,AP_Kurnool,Kurnool,Kurnool,330749,3800,27,330749,77451,163462,167253,34,63251,344949
AP,Andhra Pradesh,AP_Prakasam,Prakasam,Prakasam,311716,5900,42,311716,67516,163430,148248,38,78429,300803
AP,Andhra Pradesh,AP_S.P.S. Nellore,Sri Potti Sriramulu Nellore,S.P.S. Nellore,315432,800,8,315432,102103,156069,159299,64,35509,382026
AP,Andhra Pradesh,AP_Srikakulam,Srikakulam,Srikakulam,267237,0,0,267237,60025,129931,137284,22,51036,276226
AP,Andhra Pradesh,AP_Visakhapatnam,Visakhapatnam,Visakhapatnam,416151,8950,68,416151,105295,215017,201099,35,97714,423732
AP,Andhra Pradesh,AP_Vizianagaram,Vizianagaram,Vizianagaram,222878,3150,22,222878,50809,107529,115329,20,50566,223121
AP,Andhra Pradesh,AP_West Godavari,West Godavari,West Godavari,319046,15300,140,319046,103290,159804,159208,34,95008,327328
AP,Andhra Pradesh,AP_Y.S.R. Kadapa,"YSR District, Kadapa (Cuddapah)",Y.S.R. Kadapa,312188,3550,28,312188,72506,155820,156320,48,54156,330538
AR,Arunachal Pradesh,AR_Anjaw,Anjaw,Anjaw,2129,100,1,2129,763,1131,998,0,0,2892
AR,Arunachal Pradesh,AR_Changlang,Changlang,Changlang,13417,200,1,13417,2993,8142,5274,1,0,16410
AR,Arunachal Pradesh,AR_Upper Dibang Valley,Dibang Valley,Upper Dibang Valley,1375,0,0,1375,632,806,569,0,0,2007
AR,Arunachal Pradesh,AR_East Kameng,East Kameng,East Kameng,4763,300,2,4763,961,2489,2274,0,0,5724
AR,Arunachal Pradesh,AR_East Siang,East Siang,East Siang,13324,200,1,13324,4250,6765,6559,0,0,17574
AR,Arunachal Pradesh,AR_Papum Pare,Itanagar Capital Complex,Papum Pare,18532,700,6,18532,4048,11328,7203,1,0,22580
AR,Arunachal Pradesh,AR_Kamle,Kamle,Kamle,1030,0,0,1030,321,472,558,0,0,1351
AR,Arunachal Pradesh,AR_Kra Daadi,Kra Daadi,Kra Daadi,1381,0,0,1381,363,722,659,0,0,1744
AR,Arunachal Pradesh,AR_Kurung Kumey,Kurung Kumey,Kurung Kumey,3150,100,1,3150,780,1413,1676,61,0,3930
AR,Arunachal Pradesh,AR_Lepa Rada,Lepa Rada,Lepa Rada,4334,100,1,4334,1480,2347,1987,0,0,5814
AR,Arunachal Pradesh,AR_Lohit,Lohit,Lohit,5174,0,0,5174,1316,3327,1845,2,0,6490
AR,Arunachal Pradesh,AR_Longding,Longding,Longding,2991,200,2,2991,1175,2164,827,0,0,4166
AR,Arunachal Pradesh,AR_Lower Dibang Valley,Lower Dibang Valley,Lower Dibang Valley,7437,1600,8,7437,1648,4070,3366,1,0,9085
AR,Arunachal Pradesh,AR_Lower Siang,Lower Siang,Lower Siang,3282,0,0,3282,768,1754,1528,0,0,4050
AR,Arunachal Pradesh,AR_Lower Subansiri,Lower Subansiri,Lower Subansiri,6338,100,1,6338,2235,3204,3133,1,0,8573
AR,Arunachal Pradesh,AR_Namsai,Namsai,Namsai,10180,200,1,10180,2937,5429,4751,0,0,13117
AR,Arunachal Pradesh,AR_Pakke Kessang,Pakke Kessang,Pakke Kessang,2661,600,3,2661,806,1349,1312,0,0,3467
AR,Arunachal Pradesh,AR_Papum Pare,Papum Pare,Papum Pare,8784,100,1,8784,2854,5703,3081,0,0,11638
AR,Arunachal Pradesh,AR_Shi Yomi,Shi Yomi,Shi Yomi,1890,200,2,1890,747,906,984,0,0,2637
AR,Arunachal Pradesh,AR_Siang,Siang,Siang,3855,400,4,3855,625,1942,1913,0,0,4480
AR,Arunachal Pradesh,AR_Tawang,Tawang,Tawang,7597,100,1,7597,2708,4147,3448,2,0,10305
AR,Arunachal Pradesh,AR_Tirap,Tirap,Tirap,4245,0,0,4245,1867,2890,1355,0,0,6112
AR,Arunachal Pradesh,AR_Upper Siang,Upper Siang,Upper Siang,5768,200,1,5768,1353,3017,2750,1,0,7121
AR,Arunachal Pradesh,AR_Upper Subansiri,Upper Subansiri,Upper Subansiri,5498,300,3,5498,1454,2819,2679,0,0,6952
AR,Arunachal Pradesh,AR_West Kameng,West Kameng,West Kameng,13570,0,0,13570,4782,8040,5530,0,0,18352
AR,Arunachal Pradesh,AR_West Siang,West Siang,West Siang,10830,400,3,10830,2934,5696,5133,1,0,13764
AS,Assam,AS_Baksa,Baksa,Baksa,33825,300,3,33825,6930,18211,15611,3,3257,37498
AS,Assam,AS_Barpeta,Barpeta,Barpeta,96088,13000,128,96088,21501,51095,44981,12,110939,6650
AS,Assam,AS_Biswanath,Biswanath,Biswanath,28426,100,1,28426,8257,15885,12537,4,2943,33740
AS,Assam,AS_Bongaigaon,Bongaigaon,Bongaigaon,41488,1000,10,41488,13062,22182,19302,4,4356,50194
AS,Assam,AS_Cachar,Cachar,Cachar,66523,600,6,66523,18896,36588,29931,4,23790,61629
AS,Assam,AS_Charaideo,Charaideo,Charaideo,20309,200,2,20309,4733,11351,8953,5,738,24304
AS,Assam,AS_Chirang,Chirang,Chirang,18254,0,0,18254,8060,12230,6023,1,3518,22796
AS,Assam,AS_Darrang,Darrang,Darrang,40352,4100,41,40352,12627,23422,16927,3,3758,49221
AS,Assam,AS_Dhemaji,Dhemaji,Dhemaji,42461,11800,59,42461,8168,21459,20995,7,5324,45305
AS,Assam,AS_Dhubri,Dhubri,Dhubri,59273,1000,5,59273,14613,33515,25753,5,2802,71084
AS,Assam,AS_Dibrugarh,Dibrugarh,Dibrugarh,84480,200,2,84480,23295,45794,38678,8,10093,97682
AS,Assam,AS_Dima Hasao,Dima Hasao,Dima Hasao,16192,1850,12,16192,4651,10308,5882,2,5032,15811
AS,Assam,AS_Goalpara,Goalpara,Goalpara,40861,4500,45,40861,11664,21240,19590,31,2826,49699
AS,Assam,AS_Golaghat,Golaghat,Golaghat,49783,4800,33,49783,13941,28123,21659,1,6526,57198
AS,Assam,AS_Hailakandi,Hailakandi,Hailakandi,32688,600,6,32688,7801,18145,14539,4,7768,32721
AS,Assam,AS_Hojai,Hojai,Hojai,51261,8500,84,51261,8882,26587,24668,6,15907,44236
AS,Assam,AS_Jorhat,Jorhat,Jorhat,58947,400,4,58947,16111,33134,25806,7,7351,67707
AS,Assam,AS_Kamrup Metropolitan,Kamrup Metropolitan,Kamrup Metropolitan,158550,4500,44,158550,43909,93625,64907,18,24697,177762
AS,Assam,AS_Kamrup,Kamrup Rural,Kamrup,93501,1450,8,93501,21082,50691,42800,10,8077,106506
AS,Assam,AS_Karbi Anglong,Karbi-Anglong,Karbi Anglong,32823,2900,28,32823,7862,19073,13747,3,5518,35167
AS,Assam,AS_Karimganj,Karimganj,Karimganj,42547,800,8,42547,8714,24481,18061,5,5293,45968
AS,Assam,AS_Kokrajhar,Kokrajhar,Kokrajhar,35911,3700,37,35911,14344,21779,14125,7,5836,44419
AS,Assam,AS_Lakhimpur,Lakhimpur,Lakhimpur,48649,0,0,48649,12475,26097,22549,3,5358,55766
AS,Assam,AS_Majuli,Majuli,Majuli,17615,200,2,17615,3585,9562,8050,3,1416,19784
AS,Assam,AS_Morigaon,Morigaon,Morigaon,41298,9500,47,41298,8084,20166,21128,4,1247,48135
AS,Assam,AS_Nagaon,Nagaon,Nagaon,95155,11500,114,95155,23510,47781,47362,12,13315,105350
AS,Assam,AS_Nalbari,Nalbari,Nalbari,33080,0,0,33080,8950,18805,14273,2,4041,37989
AS,Assam,AS_Sivasagar,Sivasagar,Sivasagar,46484,300,1,46484,12094,25792,20688,4,7802,50776
AS,Assam,AS_Sonitpur,Sonitpur,Sonitpur,69889,2800,28,69889,21315,39258,30624,7,74315,16889
AS,Assam,AS_South Salmara Mankachar,South Salmara Mankachar,South Salmara Mankachar,5878,1200,12,5878,1578,3728,2150,0,1188,6268
AS,Assam,AS_Tinsukia,Tinsukia,Tinsukia,58802,0,0,58802,11816,31787,27010,5,2202,68416
AS,Assam,AS_Udalguri,Udalguri,Udalguri,31839,0,0,31839,9335,17526,14309,4,1993,39181
AS,Assam,AS_West Karbi Anglong,West Karbi Anglong,West Karbi Anglong,11894,2700,27,11894,3550,7006,4886,2,1631,13813
BR,Bihar,BR_Araria,Araria,Araria,108436,1100,11,108436,14659,54834,53593,9,0,123095
BR,Bihar,BR_Arwal,Arwal,Arwal,33841,2800,14,33841,7486,16703,17137,1,0,41327
BR,Bihar,BR_Aurangabad,Aurangabad,Aurangabad,88174,8800,72,88174,16512,47297,40866,11,0,104686
BR,Bihar,BR_Banka,Banka,Banka,118579,5500,55,118579,23416,55546,63016,17,0,141995
BR,Bihar,BR_Begusarai,Begusarai,Begusarai,182701,5650,41,182701,27275,88977,93710,14,0,209976
BR,Bihar,BR_Bhagalpur,Bhagalpur,Bhagalpur,196373,5000,48,196373,35214,99415,96945,13,5266,226321
BR,Bihar,BR_Bhojpur,Bhojpur,Bhojpur,133852,5700,28,133852,20744,71484,62361,7,0,154596
BR,Bihar,BR_Buxar,Buxar,Buxar,99835,5300,53,99835,16007,52597,47234,4,0,115842
BR,Bihar,BR_Darbhanga,Darbhanga,Darbhanga,212098,20200,103,212098,38393,105032,107044,22,0,250491
BR,Bihar,BR_East Champaran,East Champaran,East Champaran,196201,59300,202,196201,27112,105962,90121,118,0,223313
BR,Bihar,BR_Gaya,Gaya,Gaya,220066,12000,120,220066,41186,112402,107648,16,61559,199693
BR,Bihar,BR_Gopalganj,Gopalganj,Gopalganj,126455,14700,42,126455,20019,68024,58426,5,0,146474
BR,Bihar,BR_Jamui,Jamui,Jamui,95298,1300,13,95298,15061,47790,47498,10,0,110359
BR,Bihar,BR_Jehanabad,Jehanabad,Jehanabad,57384,800,8,57384,8746,28928,28443,13,0,66130
BR,Bihar,BR_Kaimur,Kaimur,Kaimur,83035,5000,10,83035,9575,41323,41703,9,0,92610
BR,Bihar,BR_Katihar,Katihar,Katihar,112375,14300,72,112375,22950,56320,56048,7,0,135325
BR,Bihar,BR_Khagaria,Khagaria,Khagaria,80158,4300,22,80158,12891,39197,40958,3,0,93049
BR,Bihar,BR_Kishanganj,Kishanganj,Kishanganj,73043,12700,126,73043,16522,37037,36003,3,0,89565
BR,Bihar,BR_Lakhisarai,Lakhisarai,Lakhisarai,40207,700,7,40207,7533,20103,20099,5,0,47740
BR,Bihar,BR_Madhepura,Madhepura,Madhepura,104030,2400,20,104030,15180,53243,50766,21,0,119210
BR,Bihar,BR_Madhubani,Madhubani,Madhubani,217578,26700,89,217578,40645,105282,112275,21,0,258223
BR,Bihar,BR_Munger,Munger,Munger,79486,4100,29,79486,15387,41781,37689,16,1,94872
BR,Bihar,BR_Muzaffarpur,Muzaffarpur,Muzaffarpur,208566,11400,67,208566,29002,111518,97040,8,7282,230286
BR,Bihar,BR_Nalanda,Nalanda,Nalanda,213819,8600,86,213819,29833,103770,110021,28,0,243652
BR,Bihar,BR_Nawada,Nawada,Nawada,123089,33600,68,123089,21568,58545,64527,17,0,144657
BR,Bihar,BR_Patna,Patna,Patna,473557,14200,138,473557,97377,272259,201248,50,258963,311971
BR,Bihar,BR_Purnia,Purnia,Purnia,188455,10600,90,188455,24281,92867,95551,37,18,212718
BR,Bihar,BR_Rohtas,Rohtas,Rohtas,151637,3200,31,151637,23670,79281,72345,11,0,175307
BR,Bihar,BR_Saharsa,Saharsa,Saharsa,104288,3300,33,104288,14778,51784,52477,27,0,119066
BR,Bihar,BR_Samastipur,Samastipur,Samastipur,224372,8700,87,224372,43639,110604,113746,22,0,268011
BR,Bihar,BR_Saran,Saran,Saran,248797,16500,56,248797,34119,123347,125430,20,0,282916
BR,Bihar,BR_Sheikhpura,Sheikhpura,Sheikhpura,39806,700,7,39806,7528,19086,20718,2,0,47334
BR,Bihar,BR_Sheohar,Sheohar,Sheohar,51882,2000,20,51882,5036,25619,26258,5,0,56918
BR,Bihar,BR_Sitamarhi,Sitamarhi,Sitamarhi,165541,3900,39,165541,23473,82223,83310,8,0,189014
BR,Bihar,BR_Siwan,Siwan,Siwan,250904,17100,171,250904,34755,121833,129035,36,0,285659
BR,Bihar,BR_Supaul,Supaul,Supaul,97335,2500,25,97335,13934,50598,46720,17,0,111269
BR,Bihar,BR_Vaishali,Vaishali,Vaishali,191800,6000,59,191800,26862,93376,98405,19,19038,199624
BR,Bihar,BR_West Champaran,West Champaran,West Champaran,141482,3950,39,141482,20224,77953,63517,12,0,161706
CH,Chandigarh,CH_Chandigarh,Chandigarh,Chandigarh,140795,7000,55,140795,37860,82042,58746,7,0,178655
CT,Chhattisgarh,CT_Balod,Balod,Balod,164037,13350,77,164037,18073,77883,86134,20,1022,181088
CT,Chhattisgarh,CT_Baloda Bazar,Baloda bazar,Baloda Bazar,187689,6500,65,187689,17443,87971,99711,7,659,204473
CT,Chhattisgarh,CT_Balrampur,Balrampur,Balrampur,127194,23150,179,127194,12610,62888,64292,14,1333,138471
CT,Chhattisgarh,CT_Bastar,Bastar,Bastar,143746,10200,102,143746,22247,67600,76136,10,1410,164583
CT,Chhattisgarh,CT_Bametara,Bemetara,Bametara,95355,11500,113,95355,10754,46596,48746,13,1465,104644
CT,Chhattisgarh,CT_Bijapur,Bijapur,Bijapur,49477,5000,50,49477,14275,28773,20695,9,857,62895
CT,Chhattisgarh,CT_Bilaspur,Bilaspur,Bilaspur,320066,29320,224,320066,37234,155131,164887,48,5108,352192
CT,Chhattisgarh,CT_Dakshin Bastar Dantewada,Dantewada,Dakshin Bastar Dantewada,63544,3750,30,63544,16102,31674,31858,12,3619,76027
CT,Chhattisgarh,CT_Dhamtari,Dhamtari,Dhamtari,165164,16400,161,165164,23053,77641,87503,20,1618,186599
CT,Chhattisgarh,CT_Durg,Durg,Durg,338596,24250,227,338596,54161,172773,165790,33,1464,391293
CT,Chhattisgarh,CT_Gariaband,Gariaband,Gariaband,103408,8400,66,103408,10621,47904,55495,9,635,113394
CT,Chhattisgarh,CT_Gaurela Pendra Marwahi,Gaurela Pendra Marwahi ,Gaurela Pendra Marwahi,64345,3600,31,64345,5272,29918,34414,13,1071,68546
CT,Chhattisgarh,CT_Janjgir Champa,Janjgir-Champa,Janjgir Champa,249611,18500,185,249611,26198,117984,131610,17,3422,272387
CT,Chhattisgarh,CT_Jashpur,Jashpur,Jashpur,154358,35650,256,154358,23588,69931,84405,22,1685,176261
CT,Chhattisgarh,CT_Uttar Bastar Kanker,Kanker,Uttar Bastar Kanker,149361,7080,59,149361,30440,74769,74578,14,4171,175630
CT,Chhattisgarh,CT_Kabeerdham,Kawardha,Kabeerdham,114642,7000,70,114642,12037,56169,58453,20,1380,125299
CT,Chhattisgarh,CT_Kondagaon,Kondagaon,Kondagaon,99287,7700,77,99287,12833,44541,54733,13,2197,109923
CT,Chhattisgarh,CT_Korba,Korba,Korba,254514,11700,117,254514,25752,122110,132381,23,2259,278007
CT,Chhattisgarh,CT_Koriya,Koriya,Koriya,100910,8300,59,100910,11433,49495,51407,8,963,111380
CT,Chhattisgarh,CT_Mahasamund,Mahasamund,Mahasamund,231803,4150,30,231803,28131,108642,123130,31,1988,257946
CT,Chhattisgarh,CT_Mungeli,Mungeli,Mungeli,127653,6700,66,127653,8729,60696,66953,4,902,135480
CT,Chhattisgarh,CT_Narayanpur,Narayanpur,Narayanpur,19704,1825,18,19704,4891,11062,8641,1,679,23916
CT,Chhattisgarh,CT_Raigarh,Raigarh,Raigarh,343912,37400,250,343912,39277,166497,177384,31,13096,370093
CT,Chhattisgarh,CT_Raipur,Raipur,Raipur,351986,14400,142,351986,66979,185863,166102,21,8942,410023
CT,Chhattisgarh,CT_Rajnandgaon,Rajnandgaon,Rajnandgaon,291935,14000,138,291935,27093,139321,152589,25,6551,312477
CT,Chhattisgarh,CT_Sukma,Sukma,Sukma,64233,1700,17,64233,18169,36741,27484,8,955,81447
CT,Chhattisgarh,CT_Surajpur,Surajpur,Surajpur,157153,25400,127,157153,12667,75603,81525,25,6814,163006
CT,Chhattisgarh,CT_Surguja,Surguja,Surguja,212518,17100,167,212518,26084,101351,111136,31,3787,234815
DN,Dadra and Nagar Haveli and Daman and Diu,DN_Dadra and Nagar Haveli,Dadra and Nagar Haveli,Dadra and Nagar Haveli,38333,4400,44,38333,7523,24565,13766,2,0,45856
DN,Dadra and Nagar Haveli and Daman and Diu,DN_Daman,Daman,Daman,27687,600,6,27687,3017,16575,11111,1,0,30704
DN,Dadra and Nagar Haveli and Daman and Diu,DN_Diu,Diu,Diu,10885,300,3,10885,3005,4724,6161,0,0,13890
DL,Delhi,DL_Central Delhi,Central Delhi,Central Delhi,237547,13800,91,237547,60103,145541,91983,23,90077,207573
DL,Delhi,DL_East Delhi,East Delhi,East Delhi,164095,5700,46,164095,33915,91531,72537,27,29812,168198
DL,Delhi,DL_New Delhi,New Delhi,New Delhi,206413,7500,74,206413,58706,130074,76327,12,116564,148555
DL,Delhi,DL_North Delhi,North Delhi,North Delhi,165236,9000,67,165236,35918,95370,69833,33,75467,125687
DL,Delhi,DL_North East Delhi,North East Delhi,North East Delhi,128198,4800,39,128198,36341,77005,51166,27,48145,116394
DL,Delhi,DL_North West Delhi,North West Delhi,North West Delhi,293316,12300,99,293316,59631,162993,130292,31,105684,247263
DL,Delhi,DL_Shahdara,Shahdara,Shahdara,182069,5300,41,182069,43207,103282,78752,35,62045,163231
DL,Delhi,DL_South Delhi,South Delhi,South Delhi,234779,7250,60,234779,69976,140892,93854,33,93822,210933
DL,Delhi,DL_South East Delhi,South East Delhi,South East Delhi,210104,5100,50,210104,53673,124193,85892,19,96229,167548
DL,Delhi,DL_South West Delhi,South West Delhi,South West Delhi,274809,12150,91,274809,58331,156538,118227,44,63607,269533
DL,Delhi,DL_West Delhi,West Delhi,West Delhi,328786,12100,99,328786,68324,184193,144468,125,123541,273569
GA,Goa,GA_North Goa,North Goa,North Goa,115572,1900,19,115572,30665,58819,56747,6,0,146237
GA,Goa,GA_South Goa,South Goa,South Goa,125881,2800,24,125881,31891,62563,63306,12,0,157772
GJ,Gujarat,GJ_Ahmedabad,Ahmedabad,Ahmedabad,330953,9900,95,330953,42186,177571,153329,53,29130,344009
GJ,Gujarat,GJ_Ahmedabad,Ahmedabad Corporation,Ahmedabad,853739,29200,165,853739,208155,467956,385720,63,1,1061893
GJ,Gujarat,GJ_Amreli,Amreli,Amreli,240637,21900,70,240637,45129,121109,119501,27,86914,198852
GJ,Gujarat,GJ_Anand,Anand,Anand,363433,15800,155,363433,73578,180806,182588,39,33211,403800
GJ,Gujarat,GJ_Aravalli,Aravalli,Aravalli,222901,32100,184,222901,56658,111662,111205,34,71960,207599
GJ,Gujarat,GJ_Banaskantha,Banaskantha,Banaskantha,567224,7670,69,567224,79457,303699,263418,107,69085,577596
GJ,Gujarat,GJ_Bharuch,Bharuch,Bharuch,210300,32100,268,210300,48783,115104,95170,26,11307,247776
GJ,Gujarat,GJ_Bhavnagar,Bhavnagar,Bhavnagar,228910,118700,351,228910,34909,126486,102397,27,17965,245854
GJ,Gujarat,GJ_Bhavnagar,Bhavnagar Corporation,Bhavnagar,111457,4500,23,111457,25839,60412,51038,7,0,137296
GJ,Gujarat,GJ_Botad,Botad,Botad,53477,2900,28,53477,9871,28164,25307,6,13036,50312
GJ,Gujarat,GJ_Chhota Udaipur,Chhotaudepur,Chhota Udaipur,159344,1200,12,159344,18767,82350,76966,28,64482,113629
GJ,Gujarat,GJ_Dahod,Dahod,Dahod,288533,8300,81,288533,69262,143510,144980,43,22933,334862
GJ,Gujarat,GJ_Dang,Dang,Dang,33198,7300,46,33198,6795,16965,16230,3,544,39449
GJ,Gujarat,GJ_Devbhumi Dwarka,Devbhumi Dwaraka,Devbhumi Dwarka,104029,5100,51,104029,24303,55785,48230,14,28468,99864
GJ,Gujarat,GJ_Gandhinagar,Gandhinagar,Gandhinagar,171330,800,8,171330,38901,90351,80960,19,18786,191445
GJ,Gujarat,GJ_Gandhinagar,Gandhinagar Corporation,Gandhinagar,48121,600,6,48121,16529,28962,19153,6,0,64650
GJ,Gujarat,GJ_Gir Somnath,Gir Somnath,Gir Somnath,149383,32800,68,149383,27842,80641,68675,67,43150,134075
GJ,Gujarat,GJ_Jamnagar,Jamnagar,Jamnagar,156109,18800,133,156109,38591,82124,73968,17,5621,189079
GJ,Gujarat,GJ_Jamnagar,Jamnagar Corporation,Jamnagar,90311,8200,17,90311,22960,47366,42931,14,4776,108495
GJ,Gujarat,GJ_Junagadh,Junagadh,Junagadh,175892,17300,60,175892,26775,90952,84921,19,4764,197903
GJ,Gujarat,GJ_Junagadh,Junagadh Corporation,Junagadh,53994,1900,12,53994,14639,28247,25741,6,2209,66424
GJ,Gujarat,GJ_Kheda,Kheda,Kheda,305564,14300,141,305564,56689,160052,145483,29,93910,268343
GJ,Gujarat,GJ_Kutch,Kutch,Kutch,263748,10350,99,263748,76972,142092,121638,18,16904,323816
GJ,Gujarat,GJ_Mahisagar,Mahisagar,Mahisagar,234413,5500,55,234413,46211,119772,114596,45,17369,263255
GJ,Gujarat,GJ_Mehsana,Mehsana,Mehsana,335927,20300,195,335927,77999,167278,168631,18,49380,364546
GJ,Gujarat,GJ_Morbi,Morbi,Morbi,100332,15300,78,100332,17182,52831,47490,11,14174,103340
GJ,Gujarat,GJ_Narmada,Narmada,Narmada,122982,15900,121,122982,19042,62517,60446,19,15886,126138
GJ,Gujarat,GJ_Navsari,Navsari,Navsari,250992,18600,185,250992,59216,120181,130793,18,76066,234142
GJ,Gujarat,GJ_Panchmahal,Panchmahal,Panchmahal,268587,7600,75,268587,56125,135530,133015,42,53020,271692
GJ,Gujarat,GJ_Patan,Patan,Patan,161253,5800,57,161253,32342,83729,77508,16,30073,163522
GJ,Gujarat,GJ_Porbandar,Porbandar,Porbandar,139831,3700,35,139831,37874,71159,68662,10,27782,149923
GJ,Gujarat,GJ_Rajkot,Rajkot,Rajkot,224847,10100,94,224847,38818,117126,107707,14,7616,256049
GJ,Gujarat,GJ_Rajkot,Rajkot Corporation,Rajkot,245477,5140,45,245477,55495,130616,114840,21,0,300972
GJ,Gujarat,GJ_Sabarkantha,Sabarkantha,Sabarkantha,242189,24100,223,242189,71421,126229,115916,44,13146,300464
GJ,Gujarat,GJ_Surat,Surat,Surat,191515,6800,58,191515,41275,105800,85704,11,10283,222507
GJ,Gujarat,GJ_Surat,Surat Corporation,Surat,727955,7500,74,727955,119334,435284,292608,63,39462,807827
GJ,Gujarat,GJ_Surendranagar,Surendranagar,Surendranagar,138493,8200,81,138493,24324,72595,65870,28,34882,127935
GJ,Gujarat,GJ_Tapi,Tapi,Tapi,113461,8600,43,113461,15797,57424,56028,9,6645,122613
GJ,Gujarat,GJ_Vadodara,Vadodara,Vadodara,277450,8400,84,277450,58169,150020,127401,29,14427,321192
GJ,Gujarat,GJ_Vadodara,Vadodara Corporation,Vadodara,346921,11210,79,346921,94382,181306,165585,30,0,441303
GJ,Gujarat,GJ_Valsad,Valsad,Valsad,244581,14600,128,244581,59472,129436,115118,27,68244,235809
HR,Haryana,HR_Ambala,Ambala,Ambala,211829,2700,27,211829,46670,109568,102215,46,36910,221589
HR,Haryana,HR_Bhiwani,Bhiwani,Bhiwani,120909,3500,33,120909,15003,58721,62172,16,13360,122552
HR,Haryana,HR_Charkhi Dadri,Charkhi Dadri,Charkhi Dadri,72136,1700,17,72136,8358,34502,37624,10,13474,67020
HR,Haryana,HR_Faridabad,Faridabad,Faridabad,286004,9200,70,286004,42749,157731,128230,43,20983,307770
HR,Haryana,HR_Fatehabad,Fatehabad,Fatehabad,81327,5000,50,81327,11919,38376,42944,7,12141,81105
HR,Haryana,HR_Gurugram,Gurgaon,Gurugram,405071,8100,66,405071,78708,230159,174874,38,56681,427098
HR,Haryana,HR_Hisar,Hisar,Hisar,137838,12500,125,137838,17057,70592,67231,15,725,154170
HR,Haryana,HR_Jhajjar,Jhajjar,Jhajjar,114027,3200,16,114027,18125,56087,57917,23,23926,108226
HR,Haryana,HR_Jind,Jind,Jind,100033,4200,42,100033,6182,47717,52302,14,130,106085
HR,Haryana,HR_Kaithal,Kaithal,Kaithal,83695,4400,43,83695,11745,39441,44244,10,12954,82486
HR,Haryana,HR_Karnal,Karnal,Karnal,173521,6300,63,173521,32058,87027,86485,9,40399,165180
HR,Haryana,HR_Kurukshetra,Kurukshetra,Kurukshetra,112762,3300,33,112762,12556,56463,56286,13,13343,111975
HR,Haryana,HR_Mahendragarh,Mahendragarh,Mahendragarh,112490,3900,37,112490,12625,54614,57865,11,9634,115481
HR,Haryana,HR_Nuh,Nuh,Nuh,32882,6520,23,32882,3981,16170,16706,6,4204,32659
HR,Haryana,HR_Palwal,Palwal,Palwal,96035,6800,68,96035,9404,46990,49023,22,22629,82810
HR,Haryana,HR_Panchkula,Panchkula,Panchkula,112521,1300,13,112521,26817,60416,52092,13,19375,119963
HR,Haryana,HR_Panipat,Panipat,Panipat,108157,4800,46,108157,14107,56646,51496,15,23573,98691
HR,Haryana,HR_Rewari,Rewari,Rewari,121851,2700,25,121851,16993,62899,58944,8,10393,128451
HR,Haryana,HR_Rohtak,Rohtak,Rohtak,106543,2200,22,106543,16825,54495,52037,11,13179,110189
HR,Haryana,HR_Sirsa,Sirsa,Sirsa,151480,5300,47,151480,33172,73542,77905,33,19234,165418
HR,Haryana,HR_Sonipat,Sonipat,Sonipat,178969,7450,57,178969,23290,92376,86569,24,36631,165628
HR,Haryana,HR_Yamunanagar,Yamunanagar,Yamunanagar,139624,3500,35,139624,21827,70370,69238,16,18105,143346
HP,Himachal Pradesh,HP_Bilaspur,Bilaspur,Bilaspur,92618,1700,9,92618,11195,44196,48410,12,0,103813
HP,Himachal Pradesh,HP_Chamba,Chamba,Chamba,84185,6150,60,84185,10388,39867,44304,14,0,94573
HP,Himachal Pradesh,HP_Hamirpur,Hamirpur,Hamirpur,130883,1500,14,130883,13323,58822,72037,24,0,144206
HP,Himachal Pradesh,HP_Kangra,Kangra,Kangra,275220,6500,43,275220,36977,129032,146142,46,2,312195
HP,Himachal Pradesh,HP_Kinnaur,Kinnaur,Kinnaur,21456,400,4,21456,3551,10801,10652,3,0,25007
HP,Himachal Pradesh,HP_Kullu,Kullu,Kullu,83041,1800,17,83041,11966,40505,42530,6,0,95007
HP,Himachal Pradesh,HP_Lahaul and Spiti,Lahaul Spiti,Lahaul and Spiti,7701,100,1,7701,1505,3798,3902,1,0,9206
HP,Himachal Pradesh,HP_Mandi,Mandi,Mandi,219110,2500,25,219110,32129,99005,120071,34,0,251239
HP,Himachal Pradesh,HP_Shimla,Shimla,Shimla,169217,4100,41,169217,25885,87451,81736,30,0,195102
HP,Himachal Pradesh,HP_Sirmaur,Sirmaur,Sirmaur,68850,1200,9,68850,12808,35838,33009,3,0,81658
HP,Himachal Pradesh,HP_Solan,Solan,Solan,93946,2100,21,93946,11603,53235,40705,6,0,105549
HP,Himachal Pradesh,HP_Una,Una,Una,117046,2500,24,117046,13905,56735,60284,27,0,130951
JK,Jammu and Kashmir,JK_Anantnag,Anantnag,Anantnag,114642,7700,77,114642,14651,67769,46856,17,0,129293
JK,Jammu and Kashmir,JK_Bandipora,Bandipore,Bandipora,50266,6900,68,50266,6471,32597,17663,6,0,56737
JK,Jammu and Kashmir,JK_Baramulla,Baramulla,Baramulla,170412,29700,238,170412,28279,98942,71374,96,0,198691
JK,Jammu and Kashmir,JK_Budgam,Budgam,Budgam,125883,19700,126,125883,18518,74361,51511,11,0,144401
JK,Jammu and Kashmir,JK_Doda,Doda,Doda,48908,1700,17,48908,15005,28358,20545,5,0,63913
JK,Jammu and Kashmir,JK_Ganderbal,Ganderbal,Ganderbal,60289,9400,94,60289,7006,35117,25166,6,0,67295
JK,Jammu and Kashmir,JK_Jammu,Jammu,Jammu,338084,9700,97,338084,67347,190732,147306,46,0,405431
JK,Jammu and Kashmir,JK_Kathua,Kathua,Kathua,94617,9500,95,94617,14657,51718,42887,12,0,109274
JK,Jammu and Kashmir,JK_Kishtwar,Kishtwar,Kishtwar,28454,3700,37,28454,6997,18198,10252,4,0,35451
JK,Jammu and Kashmir,JK_Kulgam,Kulgam,Kulgam,60900,8800,72,60900,8761,36595,24292,13,0,69661
JK,Jammu and Kashmir,JK_Kupwara,Kupwara,Kupwara,51797,11400,77,51797,11536,34508,17283,6,0,63333
JK,Jammu and Kashmir,JK_Punch,Poonch,Punch,54725,6900,68,54725,8567,33662,21059,4,0,63292
JK,Jammu and Kashmir,JK_Pulwama,Pulwama,Pulwama,76557,9100,87,76557,14834,49503,27046,8,0,91391
JK,Jammu and Kashmir,JK_Rajouri,Rajouri,Rajouri,69518,5100,51,69518,12863,41202,28313,3,0,82381
JK,Jammu and Kashmir,JK_Ramban,Ramban,Ramban,43184,7900,75,43184,6534,26614,16567,3,0,49718
JK,Jammu and Kashmir,JK_Reasi,Reasi,Reasi,39945,3400,34,39945,8039,24713,15225,7,0,47984
JK,Jammu and Kashmir,JK_Samba,Samba,Samba,64841,4000,37,64841,11120,37218,27611,12,0,75961
JK,Jammu and Kashmir,JK_Shopiyan,Shopian,Shopiyan,53428,7700,77,53428,6240,31104,22319,5,0,59668
JK,Jammu and Kashmir,JK_Srinagar,Srinagar,Srinagar,105432,7000,67,105432,29185,79249,26170,13,0,134617
JK,Jammu and Kashmir,JK_Udhampur,Udhampur,Udhampur,79401,9350,50,79401,15315,45007,34379,15,0,94716
JH,Jharkhand,JH_Bokaro,Bokaro,Bokaro,149159,2900,29,149159,29742,82222,66929,8,4734,174167
JH,Jharkhand,JH_Chatra,Chatra,Chatra,78984,3200,29,78984,9195,39209,39770,5,0,88179
JH,Jharkhand,JH_Deoghar,Deoghar,Deoghar,76416,3000,27,76416,16111,41535,34874,7,9949,82578
JH,Jharkhand,JH_Dhanbad,Dhanbad,Dhanbad,225558,7700,77,225558,35065,122765,102771,22,27112,233511
JH,Jharkhand,JH_Dumka,Dumka,Dumka,108706,5800,35,108706,16326,50939,57762,5,19737,105295
JH,Jharkhand,JH_East Singhbhum,East Singhbhum,East Singhbhum,233676,3700,37,233676,37766,131159,102495,22,25842,245600
JH,Jharkhand,JH_Garhwa,Garhwa,Garhwa,84190,1900,17,84190,14419,43455,40726,9,672,97937
JH,Jharkhand,JH_Giridih,Giridih,Giridih,158096,5800,58,158096,22607,75153,82921,22,8518,172185
JH,Jharkhand,JH_Godda,Godda,Godda,77312,1600,16,77312,12700,36908,40398,6,1859,88153
JH,Jharkhand,JH_Gumla,Gumla,Gumla,89494,700,7,89494,9634,39589,49893,12,6779,92349
JH,Jharkhand,JH_Hazaribagh,Hazaribagh,Hazaribagh,143839,2100,20,143839,22025,71780,72041,18,23759,142105
JH,Jharkhand,JH_Jamtara,Jamtara,Jamtara,64200,5500,55,64200,10447,31136,33061,3,2537,72110
JH,Jharkhand,JH_Khunti,Khunti,Khunti,58317,5300,53,58317,10314,28587,29728,2,14629,54002
JH,Jharkhand,JH_Koderma,Koderma,Koderma,61992,800,8,61992,5854,27657,34330,5,1880,65966
JH,Jharkhand,JH_Latehar,Latehar,Latehar,55540,1600,16,55540,11268,28887,26645,8,2861,63947
JH,Jharkhand,JH_Lohardaga,Lohardaga,Lohardaga,47518,2250,22,47518,6400,22653,24862,3,11141,42777
JH,Jharkhand,JH_Pakur,Pakur,Pakur,55716,4100,41,55716,8695,24730,30980,6,6390,58021
JH,Jharkhand,JH_Palamu,Palamu,Palamu,169207,19300,191,169207,24381,87008,82181,18,38501,155087
JH,Jharkhand,JH_Ramgarh,Ramgarh,Ramgarh,74660,2000,20,74660,10453,39947,34705,8,3965,81148
JH,Jharkhand,JH_Ranchi,Ranchi,Ranchi,247436,6000,59,247436,54641,139475,107940,21,34003,268074
JH,Jharkhand,JH_Sahibganj,Sahebganj,Sahibganj,48984,11450,59,48984,7988,23782,25199,3,1528,55444
JH,Jharkhand,JH_Saraikela-Kharsawan,Seraikela Kharsawan,Saraikela-Kharsawan,82928,2700,25,82928,12383,42637,40287,4,3882,91429
JH,Jharkhand,JH_Simdega,Simdega,Simdega,50588,8600,86,50588,7491,22190,28391,7,576,57503
JH,Jharkhand,JH_West Singhbhum,West Singhbhum,West Singhbhum,116154,5300,52,116154,23290,55245,60889,20,5133,134311
KA,Karnataka,KA_Bagalkote,Bagalkot,Bagalkote,216244,33400,330,216244,25227,97537,118678,29,56245,185226
KA,Karnataka,KA_Bengaluru Rural,Bangalore Rural,Bengaluru Rural,110172,8600,79,110172,19784,57667,52484,21,12472,117484
KA,Karnataka,KA_Bengaluru Urban,Bangalore Urban,Bengaluru Urban,179092,8100,68,179092,38463,94368,84708,16,14446,203109
KA,Karnataka,KA_Bengaluru Urban,BBMP,Bengaluru Urban,1315666,71160,485,1315666,267155,674672,640876,118,124004,1458817
KA,Karnataka,KA_Belagavi,Belgaum,Belagavi,478028,38960,379,478028,65398,222214,255744,70,16631,526795
KA,Karnataka,KA_Ballari,Bellary,Ballari,319237,22300,190,319237,42545,149863,169334,40,49116,312666
KA,Karnataka,KA_Bidar,Bidar,Bidar,157417,17600,156,157417,27931,77344,80052,21,19120,166228
KA,Karnataka,KA_Chamarajanagara,Chamarajanagar,Chamarajanagara,129099,16650,164,129099,12348,56242,72813,44,24258,117189
KA,Karnataka,KA_Chikkamagaluru,Chikamagalur,Chikkamagaluru,166980,13450,115,166980,18381,77847,89123,10,16109,169252
KA,Karnataka,KA_Chikkaballapura,Chikkaballapur,Chikkaballapura,187247,10600,101,187247,19558,88523,98700,24,19152,187653
KA,Karnataka,KA_Chitradurga,Chitradurga,Chitradurga,191706,18600,167,191706,27710,90417,101252,37,25837,193579
KA,Karnataka,KA_Dakshina Kannada,Dakshina Kannada,Dakshina Kannada,254589,13200,131,254589,54404,113800,140762,27,35605,273388
KA,Karnataka,KA_Davanagere,Davanagere,Davanagere,159491,38300,299,159491,24488,78712,80755,24,21768,162211
KA,Karnataka,KA_Dharwad,Dharwad,Dharwad,205287,9600,82,205287,32208,98149,107106,32,13279,224216
KA,Karnataka,KA_Gadag,Gadag,Gadag,127225,13800,134,127225,21028,58362,68844,19,18113,130140
KA,Karnataka,KA_Kalaburagi,Gulbarga,Kalaburagi,185369,44700,397,185369,29452,90294,95040,35,18816,196005
KA,Karnataka,KA_Hassan,Hassan,Hassan,245146,25750,250,245146,40854,112240,132873,33,45101,240899
KA,Karnataka,KA_Haveri,Haveri,Haveri,120010,9100,88,120010,12917,56291,63701,18,12035,120892
KA,Karnataka,KA_Kodagu,Kodagu,Kodagu,75300,6500,59,75300,11835,33592,41698,10,11023,76112
KA,Karnataka,KA_Kolar,Kolar,Kolar,162719,14200,142,162719,25187,78274,84431,14,31245,156661
KA,Karnataka,KA_Koppal,Koppal,Koppal,174022,23450,230,174022,21591,74907,99095,20,29228,166385
KA,Karnataka,KA_Mandya,Mandya,Mandya,239926,23900,229,239926,31296,106201,133696,29,23778,247444
KA,Karnataka,KA_Mysuru,Mysore,Mysuru,561018,38550,376,561018,69867,259991,300952,75,32635,598250
KA,Karnataka,KA_Raichur,Raichur,Raichur,156988,11450,114,156988,25119,70358,86609,21,43416,138691
KA,Karnataka,KA_Ramanagara,Ramanagara,Ramanagara,173016,18600,179,173016,18708,75162,97827,27,21259,170465
KA,Karnataka,KA_Shivamogga,Shimoga,Shivamogga,206868,26500,255,206868,26510,99277,107577,14,17730,215648
KA,Karnataka,KA_Tumakuru,Tumkur,Tumakuru,295885,18400,177,295885,59259,143822,152020,43,15833,339311
KA,Karnataka,KA_Udupi,Udupi,Udupi,185053,17500,174,185053,38006,79771,105257,25,31206,191853
KA,Karnataka,KA_Uttara Kannada,Uttar Kannada,Uttara Kannada,197130,11000,109,197130,34779,92188,104923,19,13345,218564
KA,Karnataka,KA_Vijayapura,Vijayapura,Vijayapura,210802,47550,450,210802,21548,101095,109675,32,34827,197523
KA,Karnataka,KA_Yadgir,Yadgir,Yadgir,108500,34200,340,108500,14758,47276,61214,10,13558,109700
KL,Kerala,KL_Alappuzha,Alappuzha,Alappuzha,382952,9500,49,382952,53906,165451,217461,40,24659,412199
KL,Kerala,KL_Ernakulam,Ernakulam,Ernakulam,676233,3250,28,676233,137859,301772,374395,66,57893,756199
KL,Kerala,KL_Idukki,Idukki,Idukki,179896,7910,15,179896,31450,82696,97179,21,11971,199375
KL,Kerala,KL_Kannur,Kannur,Kannur,434054,10300,39,434054,79450,195306,238685,63,26293,487211
KL,Kerala,KL_Kasaragod,Kasaragod,Kasaragod,235777,500,5,235777,39365,112155,123602,20,11360,263782
KL,Kerala,KL_Kollam,Kollam,Kollam,412975,3300,28,412975,72102,183981,228945,49,25378,459699
KL,Kerala,KL_Kottayam,Kottayam,Kottayam,384724,1650,16,384724,71098,168315,216363,46,21193,434629
KL,Kerala,KL_Kozhikode,Kozhikode,Kozhikode,508033,4300,41,508033,92509,236928,271045,60,32485,568057
KL,Kerala,KL_Malappuram,Malappuram,Malappuram,459396,11500,114,459396,65808,223322,236023,51,22110,503094
KL,Kerala,KL_Palakkad,Palakkad,Palakkad,377644,3800,37,377644,76193,170410,207187,47,9901,443936
KL,Kerala,KL_Pathanamthitta,Pathanamthitta,Pathanamthitta,335062,1572,14,335062,70365,145533,189484,45,16344,389083
KL,Kerala,KL_Thiruvananthapuram,Thiruvananthapuram,Thiruvananthapuram,661560,9350,90,661560,118070,298565,362913,82,46853,732777
KL,Kerala,KL_Thrissur,Thrissur,Thrissur,572652,13705,119,572652,97052,254188,318380,84,25876,643828
KL,Kerala,KL_Wayanad,Wayanad,Wayanad,180323,200,2,180323,40567,83184,97115,24,12034,208856
LA,Ladakh,LA_Kargil,Kargil,Kargil,28290,600,6,28290,8125,14956,13330,4,0,36415
LA,Ladakh,LA_Leh,Leh,Leh,43444,0,0,43444,17097,23759,19684,1,0,60541
LD,Lakshadweep,LD_Lakshadweep,Lakshadweep,Lakshadweep,17479,1000,10,17479,3804,9972,7505,2,0,21283
LD,Lakshadweep,LD_Lakshadweep,Dummy District,Lakshadweep,59,300,2,59,21,44,14,1,0,80
MP,Madhya Pradesh,MP_Agar Malwa,Agar,Agar Malwa,39376,500,1,39376,4843,21222,18149,5,0,44219
MP,Madhya Pradesh,MP_Alirajpur,Alirajpur,Alirajpur,48699,500,1,48699,7793,23799,24895,5,1521,54971
MP,Madhya Pradesh,MP_Anuppur,Anuppur,Anuppur,59069,200,2,59069,5590,29626,29437,6,4964,59695
MP,Madhya Pradesh,MP_Ashoknagar,Ashoknagar,Ashoknagar,75076,100,1,75076,8040,41167,33903,6,8185,74931
MP,Madhya Pradesh,MP_Balaghat,Balaghat,Balaghat,163293,0,0,163293,21521,83587,79685,21,12573,172241
MP,Madhya Pradesh,MP_Barwani,Barwani,Barwani,62614,3860,17,62614,14248,31538,31070,6,3780,73082
MP,Madhya Pradesh,MP_Betul,Betul,Betul,147766,750,2,147766,17556,78319,69435,12,11820,153502
MP,Madhya Pradesh,MP_Bhind,Bhind,Bhind,126515,1000,2,126515,15605,72378,54110,27,10115,132005
MP,Madhya Pradesh,MP_Bhopal,Bhopal,Bhopal,436921,5100,41,436921,76683,243450,193426,45,48269,465335
MP,Madhya Pradesh,MP_Burhanpur,Burhanpur,Burhanpur,75711,800,5,75711,11496,38615,37084,12,13978,73229
MP,Madhya Pradesh,MP_Chhatarpur,Chhatarpur,Chhatarpur,142417,500,3,142417,13595,78542,63859,16,17983,138029
MP,Madhya Pradesh,MP_Chhindwara,Chhindwara,Chhindwara,160992,1300,5,160992,24959,86770,74206,16,22265,163686
MP,Madhya Pradesh,MP_Damoh,Damoh,Damoh,83363,100,1,83363,11978,43815,39544,4,6765,88576
MP,Madhya Pradesh,MP_Datia,Datia,Datia,74695,300,3,74695,10195,39298,35383,14,12162,72728
MP,Madhya Pradesh,MP_Dewas,Dewas,Dewas,131951,950,4,131951,19444,70879,61062,10,11036,140359
MP,Madhya Pradesh,MP_Dhar,Dhar,Dhar,146873,400,2,146873,26721,75977,70875,21,11166,162428
MP,Madhya Pradesh,MP_Dindori,Dindori,Dindori,61472,420,2,61472,8857,27396,34066,10,2605,67724
MP,Madhya Pradesh,MP_Guna,Guna,Guna,107778,1000,2,107778,13391,58921,48847,10,8185,112984
MP,Madhya Pradesh,MP_Gwalior,Gwalior,Gwalior,270355,3900,21,270355,39311,152955,117367,33,41662,268004
MP,Madhya Pradesh,MP_Harda,Harda,Harda,46502,500,1,46502,5264,25097,21402,3,2527,49239
MP,Madhya Pradesh,MP_Hoshangabad,Hoshangabad,Hoshangabad,110636,400,2,110636,14119,59847,50766,23,10871,113884
MP,Madhya Pradesh,MP_Indore,Indore,Indore,617164,7400,72,617164,101386,327505,289567,92,86410,632140
MP,Madhya Pradesh,MP_Jabalpur,Jabalpur,Jabalpur,347958,1400,8,347958,50097,184276,163622,60,81594,316461
MP,Madhya Pradesh,MP_Jhabua,Jhabua,Jhabua,50378,700,3,50378,11966,23965,26409,4,2751,59593
MP,Madhya Pradesh,MP_Katni,Katni,Katni,116094,700,3,116094,10880,61393,54688,13,5638,121336
MP,Madhya Pradesh,MP_Khandwa,Khandwa,Khandwa,100709,1750,4,100709,14991,51642,49053,14,14340,101360
MP,Madhya Pradesh,MP_Khargone,Khargone,Khargone,118174,1600,8,118174,17903,61712,56444,18,8495,127582
MP,Madhya Pradesh,MP_Mandla,Mandla,Mandla,83636,300,1,83636,11910,40751,42878,7,7316,88230
MP,Madhya Pradesh,MP_Mandsaur,Mandsaur,Mandsaur,99505,700,3,99505,15150,53363,46128,14,7123,107532
MP,Madhya Pradesh,MP_Morena,Morena,Morena,134692,500,3,134692,17609,74295,60386,11,17021,135280
MP,Madhya Pradesh,MP_Narsinghpur,Narsinghpur,Narsinghpur,96834,200,1,96834,16768,53637,43189,8,5901,107701
MP,Madhya Pradesh,MP_Neemuch,Neemuch,Neemuch,77557,500,3,77557,16255,42703,34842,12,6331,87481
MP,Madhya Pradesh,MP_Panna,Panna,Panna,54256,1000,2,54256,7697,29596,24658,2,3073,58880
MP,Madhya Pradesh,MP_Raisen,Raisen,Raisen,99626,200,2,99626,12024,55735,43868,23,11962,99688
MP,Madhya Pradesh,MP_Rajgarh,Rajgarh,Rajgarh,117305,500,1,117305,15783,61578,55715,12,6930,126158
MP,Madhya Pradesh,MP_Ratlam,Ratlam,Ratlam,119215,1800,8,119215,17479,63709,55501,5,11679,125015
MP,Madhya Pradesh,MP_Rewa,Rewa,Rewa,262918,1100,6,262918,33099,142344,120544,30,9086,286931
MP,Madhya Pradesh,MP_Sagar,Sagar,Sagar,319209,22600,122,319209,28765,171547,147629,33,38664,309310
MP,Madhya Pradesh,MP_Satna,Satna,Satna,185453,2500,14,185453,22657,100870,84567,16,9493,198617
MP,Madhya Pradesh,MP_Sehore,Sehore,Sehore,158187,500,1,158187,19493,83201,74975,11,9010,168670
MP,Madhya Pradesh,MP_Seoni,Seoni,Seoni,112650,100,1,112650,16956,56419,56220,11,9880,119726
MP,Madhya Pradesh,MP_Shahdol,Shahdol,Shahdol,129755,0,0,129755,12409,66941,62803,11,2503,139661
MP,Madhya Pradesh,MP_Shajapur,Shajapur,Shajapur,80778,100,1,80778,10465,44636,36127,15,6463,84780
MP,Madhya Pradesh,MP_Sheopur,Sheopur,Sheopur,44481,200,2,44481,6942,22441,22036,4,5038,46385
MP,Madhya Pradesh,MP_Shivpuri,Shivpuri,Shivpuri,122766,650,4,122766,17945,66776,55974,16,10239,130472
MP,Madhya Pradesh,MP_Sidhi,Sidhi,Sidhi,79211,600,2,79211,8990,41469,37737,5,4529,83672
MP,Madhya Pradesh,MP_Singrauli,Singrauli,Singrauli,83933,500,1,83933,9484,48212,35711,10,2673,90744
MP,Madhya Pradesh,MP_Tikamgarh,Tikamgarh,Tikamgarh,110887,300,3,110887,9589,60211,50664,12,23277,97199
MP,Madhya Pradesh,MP_Ujjain,Ujjain,Ujjain,273042,2300,22,273042,28114,142104,130909,29,36565,264591
MP,Madhya Pradesh,MP_Umaria,Umaria,Umaria,47837,650,2,47837,5145,25364,22460,13,1284,51698
MP,Madhya Pradesh,MP_Vidisha,Vidisha,Vidisha,133503,800,4,133503,19764,71770,61721,12,6707,146560
MH,Maharashtra,MH_Ahmednagar,Ahmednagar,Ahmednagar,353397,9500,90,353397,53852,197272,156098,27,70070,337179
MH,Maharashtra,MH_Akola,Akola,Akola,144638,2200,19,144638,25971,79476,65150,12,31353,139256
MH,Maharashtra,MH_Amravati,Amravati,Amravati,230480,400,4,230480,33310,124223,106231,26,52932,210858
MH,Maharashtra,MH_Aurangabad,Aurangabad ,Aurangabad,346924,15050,87,346924,45482,196952,149836,136,23696,368710
MH,Maharashtra,MH_Beed,Beed,Beed,167884,4050,35,167884,30864,95947,71914,23,34342,164406
MH,Maharashtra,MH_Bhandara,Bhandara,Bhandara,166547,4300,43,166547,32002,80172,86361,14,94361,104188
MH,Maharashtra,MH_Buldhana,Buldhana,Buldhana,219986,17800,177,219986,28615,119877,100076,33,51326,197275
MH,Maharashtra,MH_Chandrapur,Chandrapur,Chandrapur,188544,1330,12,188544,25375,101247,87282,15,6370,207549
MH,Maharashtra,MH_Dhule,Dhule,Dhule,152586,7000,53,152586,23120,84063,68493,30,38108,137598
MH,Maharashtra,MH_Gadchiroli,Gadchiroli,Gadchiroli,64570,4500,45,64570,13815,37209,27359,2,17449,60936
MH,Maharashtra,MH_Gondia,Gondia,Gondia,134305,6700,66,134305,19135,69906,64378,21,48029,105411
MH,Maharashtra,MH_Hingoli,Hingoli,Hingoli,52824,500,4,52824,9096,30021,22801,2,14838,47082
MH,Maharashtra,MH_Jalgaon,Jalgaon,Jalgaon,235490,3250,31,235490,41224,133262,102211,17,30158,246556
MH,Maharashtra,MH_Jalna,Jalna,Jalna,144559,1300,13,144559,23457,80237,64309,13,29650,138366
MH,Maharashtra,MH_Kolhapur,Kolhapur,Kolhapur,781951,60900,366,781951,86749,384379,397459,113,50591,818109
MH,Maharashtra,MH_Latur,Latur,Latur,196151,10900,97,196151,23752,109375,86753,23,34470,185433
MH,Maharashtra,MH_Mumbai,Mumbai,Mumbai,1888705,30850,144,1888705,380549,1032298,856145,262,151498,2117756
MH,Maharashtra,MH_Nagpur,Nagpur,Nagpur,789832,57700,376,789832,106663,424857,364842,133,48926,847569
MH,Maharashtra,MH_Nanded,Nanded,Nanded,271171,45200,452,271171,29798,146280,124860,31,65563,235406
MH,Maharashtra,MH_Nandurbar,Nandurbar,Nandurbar,88177,300,3,88177,22494,47560,40610,7,16103,94568
MH,Maharashtra,MH_Nashik,Nashik,Nashik,551323,10400,91,551323,88461,310088,241171,64,61761,578023
MH,Maharashtra,MH_Osmanabad,Osmanabad,Osmanabad,116010,100,1,116010,18155,64881,51119,10,30921,103244
MH,Maharashtra,MH_Palghar,Palghar,Palghar,167360,600,5,167360,30292,90670,76684,6,8317,189335
MH,Maharashtra,MH_Parbhani,Parbhani,Parbhani,124310,200,2,124310,16728,68555,55741,14,36820,104218
MH,Maharashtra,MH_Pune,Pune,Pune,1807871,62315,570,1807871,260846,963236,844431,204,193553,1875164
MH,Maharashtra,MH_Raigad,Raigad,Raigad,185219,5200,52,185219,28324,106515,78688,16,29854,183689
MH,Maharashtra,MH_Ratnagiri,Ratnagiri,Ratnagiri,121524,5400,45,121524,23165,64155,57362,7,36827,107862
MH,Maharashtra,MH_Sangli,Sangli,Sangli,466857,173600,393,466857,48088,235774,231037,46,34387,480558
MH,Maharashtra,MH_Satara,Satara,Satara,481308,20800,118,481308,62991,248166,233105,37,45233,499066
MH,Maharashtra,MH_Sindhudurg,Sindhudurg,Sindhudurg,82943,8560,56,82943,16431,41610,41322,11,24997,74377
MH,Maharashtra,MH_Solapur,Solapur,Solapur,260238,14100,141,260238,40322,147417,112791,30,1420,299140
MH,Maharashtra,MH_Thane,Thane,Thane,927111,13400,77,927111,178037,505686,421316,109,105555,999593
MH,Maharashtra,MH_Wardha,Wardha,Wardha,172141,18100,91,172141,28895,88617,83519,5,25493,175543
MH,Maharashtra,MH_Washim,Washim,Washim,127803,8900,88,127803,15894,68537,59252,14,47291,96406
MH,Maharashtra,MH_Yavatmal,Yavatmal,Yavatmal,193534,13800,138,193534,25960,108506,85007,21,30024,189470
MN,Manipur,MN_Bishnupur,Bishnupur,Bishnupur,7203,0,0,7203,3225,4564,2639,0,0,10428
MN,Manipur,MN_Chandel,Chandel,Chandel,6173,0,0,6173,3551,4508,1665,0,0,9724
MN,Manipur,MN_Churachandpur,Churachandpur,Churachandpur,14756,100,1,14756,5521,9353,5402,1,0,20277
MN,Manipur,MN_Imphal East,Imphal East,Imphal East,24508,500,5,24508,10500,15980,8527,1,0,35008
MN,Manipur,MN_Imphal West,Imphal West,Imphal West,29941,500,3,29941,13078,19194,10746,1,0,43019
MN,Manipur,MN_Jiribam,Jiribam,Jiribam,2782,100,1,2782,1376,2222,560,0,0,4158
MN,Manipur,MN_Kakching,Kakching,Kakching,4665,700,7,4665,2221,3330,1335,0,0,6886
MN,Manipur,MN_Kamjong,Kamjong,Kamjong,1608,100,1,1608,347,1052,556,0,0,1955
MN,Manipur,MN_Kangpokpi,Kangpokpi,Kangpokpi,3947,0,0,3947,1542,1933,2014,0,0,5489
MN,Manipur,MN_Noney,Noney,Noney,3712,0,0,3712,1591,2650,1061,1,0,5303
MN,Manipur,MN_Pherzawl,Pherzawl,Pherzawl,1959,0,0,1959,536,916,1043,0,0,2495
MN,Manipur,MN_Senapati,Senapati,Senapati,3737,100,1,3737,2188,2779,958,0,0,5925
MN,Manipur,MN_Tamenglong,Tamenglong,Tamenglong,3072,100,1,3072,1411,2059,1013,0,0,4483
MN,Manipur,MN_Tengnoupal,Tengnoupal,Tengnoupal,4025,0,0,4025,2160,3157,868,0,0,6185
MN,Manipur,MN_Thoubal,Thoubal,Thoubal,10431,1400,14,10431,5155,6813,3617,1,0,15586
MN,Manipur,MN_Ukhrul,Ukhrul,Ukhrul,4046,0,0,4046,1579,2890,1156,0,0,5625
ML,Meghalaya,ML_East Garo Hills,East Garo Hills,East Garo Hills,6750,600,6,6750,2857,3352,3398,0,0,9607
ML,Meghalaya,ML_East Jaintia Hills,East Jaintia Hills,East Jaintia Hills,8816,0,0,8816,1715,4626,4189,1,0,10531
ML,Meghalaya,ML_East Khasi Hills,East Khasi Hills,East Khasi Hills,53074,2000,20,53074,17122,30866,22207,1,0,70196
ML,Meghalaya,ML_North Garo Hills,North Garo Hills,North Garo Hills,6887,400,4,6887,2359,2864,4023,0,0,9246
ML,Meghalaya,ML_Ribhoi,Ri-Bhoi,Ribhoi,8537,1600,4,8537,2802,4568,3969,0,0,11339
ML,Meghalaya,ML_South Garo Hills,South Garo Hills,South Garo Hills,6172,400,4,6172,2701,3156,3016,0,0,8873
ML,Meghalaya,ML_South West Garo Hills,South West Garo Hills,South West Garo Hills,9831,200,2,9831,2671,4533,5296,2,0,12502
ML,Meghalaya,ML_South West Khasi Hills,South West Khasi Hills,South West Khasi Hills,3528,400,4,3528,1018,1681,1846,1,0,4546
ML,Meghalaya,ML_West Garo Hills,West Garo Hills,West Garo Hills,31745,300,3,31745,11310,15606,16132,7,0,43055
ML,Meghalaya,ML_West Jaintia Hills,West Jaintia Hills,West Jaintia Hills,11211,200,1,11211,3730,4493,6717,1,0,14941
ML,Meghalaya,ML_West Khasi Hills,West Khasi Hills,West Khasi Hills,11727,0,0,11727,3609,4892,6834,1,0,15336
MZ,Mizoram,MZ_Aizawl,Aizawl East,Aizawl,49674,0,0,49674,9931,24457,25216,1,0,59605
MZ,Mizoram,MZ_Aizawl,Aizawl West,Aizawl,34368,0,0,34368,5842,16093,18274,1,0,40210
MZ,Mizoram,MZ_Champhai,Champhai,Champhai,11821,0,0,11821,4453,6018,5803,0,0,16274
MZ,Mizoram,MZ_Kolasib,Kolasib,Kolasib,11588,0,0,11588,3463,5872,5716,0,0,15051
MZ,Mizoram,MZ_Lawngtlai,Lawngtlai,Lawngtlai,7900,200,1,7900,1536,4118,3782,0,0,9436
MZ,Mizoram,MZ_Lunglei,Lunglei,Lunglei,24943,0,0,24943,5889,13179,11763,1,0,30832
MZ,Mizoram,MZ_Mamit,Mamit,Mamit,12419,0,0,12419,3380,6730,5689,0,0,15799
MZ,Mizoram,MZ_Serchhip,Serchhip,Serchhip,11315,250,2,11315,3608,6434,4878,3,0,14923
MZ,Mizoram,MZ_Saiha,Siaha,Saiha,6828,100,1,6828,2262,3338,3489,1,0,9090
NL,Nagaland,NL_Dimapur,Dimapur,Dimapur,36236,200,2,36236,10825,23186,13047,3,0,47061
NL,Nagaland,NL_Kiphire,Kiphire,Kiphire,3233,200,1,3233,1511,2414,819,0,0,4744
NL,Nagaland,NL_Kohima,Kohima,Kohima,19210,100,1,19210,5732,11799,7411,0,0,24942
NL,Nagaland,NL_Longleng,Longleng,Longleng,4716,0,0,4716,1022,2621,2095,0,0,5738
NL,Nagaland,NL_Mokokchung,Mokokchung,Mokokchung,17349,0,0,17349,2976,8760,8588,1,0,20325
NL,Nagaland,NL_Mon,Mon,Mon,15246,0,0,15246,2398,9214,6032,0,0,17644
NL,Nagaland,NL_Peren,Peren,Peren,4857,300,3,4857,1302,3093,1764,0,0,6159
NL,Nagaland,NL_Phek,Phek,Phek,9682,200,1,9682,3647,5971,3710,1,0,13329
NL,Nagaland,NL_Tuensang,Tuensang,Tuensang,8891,900,5,8891,2424,5806,3085,0,0,11315
NL,Nagaland,NL_Wokha,Wokha,Wokha,10358,0,0,10358,1337,5314,5040,4,0,11695
NL,Nagaland,NL_Zunheboto,Zunheboto,Zunheboto,7804,550,4,7804,1893,4616,3188,0,0,9697
OR,Odisha,OR_Angul,Angul,Angul,100445,8300,9,100445,16272,58658,41776,11,0,116717
OR,Odisha,OR_Balangir,Balangir,Balangir,120635,1300,13,120635,21709,63880,56741,14,0,142344
OR,Odisha,OR_Balasore,Balasore,Balasore,308647,7400,74,308647,52717,161891,146720,36,0,361364
OR,Odisha,OR_Bargarh,Bargarh,Bargarh,157810,200,1,157810,22843,82019,75763,28,0,180653
OR,Odisha,OR_Bhadrak,Bhadrak,Bhadrak,157863,300,3,157863,22168,84678,73161,24,0,180031
OR,Odisha,OR_Boudh,Boudh,Boudh,46698,1200,12,46698,5404,25572,21122,4,0,52102
OR,Odisha,OR_Cuttack,Cuttack,Cuttack,322765,4050,24,322765,60522,180383,142303,79,0,383287
OR,Odisha,OR_Deogarh,Deogarh,Deogarh,33570,400,2,33570,5316,18347,15222,1,0,38886
OR,Odisha,OR_Dhenkanal,Dhenkanal,Dhenkanal,116162,600,5,116162,12600,62950,53201,11,0,128762
OR,Odisha,OR_Gajapati,Gajapati,Gajapati,60460,300,1,60460,12699,27452,32999,9,0,73159
OR,Odisha,OR_Ganjam,Ganjam,Ganjam,493802,800,8,493802,82664,242865,250848,89,0,576466
OR,Odisha,OR_Jagatsinghpur,Jagatsinghpur,Jagatsinghpur,122298,0,0,122298,17464,66751,55534,13,0,139762
OR,Odisha,OR_Jajpur,Jajpur,Jajpur,178744,2800,4,178744,18862,97029,81686,29,0,197606
OR,Odisha,OR_Jharsuguda,Jharsuguda,Jharsuguda,64636,0,0,64636,13699,35414,29220,2,0,78335
OR,Odisha,OR_Kalahandi,Kalahandi,Kalahandi,171005,0,0,171005,25094,86374,84612,19,0,196099
OR,Odisha,OR_Kandhamal,Kandhamal,Kandhamal,86238,1600,16,86238,14497,40146,46082,10,0,100735
OR,Odisha,OR_Kendrapara,Kendrapara,Kendrapara,151095,0,0,151095,20323,79858,71224,13,0,171418
OR,Odisha,OR_Kendujhar,Kendujhar,Kendujhar,179459,100,1,179459,23435,92604,86832,23,0,202894
OR,Odisha,OR_Khordha,Khurda,Khordha,392428,11930,71,392428,102096,222292,170083,53,362408,132116
OR,Odisha,OR_Koraput,Koraput,Koraput,188577,900,5,188577,35523,86586,101950,41,1,224099
OR,Odisha,OR_Malkangiri,Malkangiri,Malkangiri,62762,1200,4,62762,12177,30828,31919,15,0,74939
OR,Odisha,OR_Mayurbhanj,Mayurbhanj,Mayurbhanj,227527,200,2,227527,36457,111461,116050,16,0,263984
OR,Odisha,OR_Nabarangapur,Nabarangpur,Nabarangapur,108117,0,0,108117,18181,47165,60938,14,0,126298
OR,Odisha,OR_Nayagarh,Nayagarh,Nayagarh,99361,7500,15,99361,11773,53110,46241,10,0,111134
OR,Odisha,OR_Nuapada,Nuapada,Nuapada,64269,0,0,64269,8939,31841,32417,11,0,73208
OR,Odisha,OR_Puri,Puri,Puri,202020,100,1,202020,28449,107258,94726,36,0,230469
OR,Odisha,OR_Rayagada,Rayagada,Rayagada,106708,0,0,106708,20183,49957,56732,19,0,126891
OR,Odisha,OR_Sambalpur,Sambalpur,Sambalpur,130802,200,2,130802,27656,69780,61010,12,0,158458
OR,Odisha,OR_Subarnapur,Subarnapur,Subarnapur,67990,0,0,67990,13944,34715,33271,4,0,81934
OR,Odisha,OR_Sundargarh,Sundargarh,Sundargarh,213059,6000,60,213059,30461,110381,102647,31,0,243520
PY,Puducherry,PY_Karaikal,Karaikal,Karaikal,20094,3700,13,20094,1641,9916,10174,4,0,21735
PY,Puducherry,PY_Mahe,Mahe,Mahe,9756,200,2,9756,1599,4373,5383,0,0,11355
PY,Puducherry,PY_Puducherry,Puducherry,Puducherry,127887,6400,44,127887,16028,65162,62708,17,0,143915
PY,Puducherry,PY_Yanam,Yanam,Yanam,4504,100,1,4504,867,2429,2075,0,74,5297
PB,Punjab,PB_Amritsar,Amritsar,Amritsar,216020,26550,250,216020,39936,121241,94759,20,23704,232252
PB,Punjab,PB_Barnala,Barnala,Barnala,38727,8350,81,38727,3666,22800,15924,3,5285,37108
PB,Punjab,PB_Bathinda,Bathinda,Bathinda,79185,15000,148,79185,13584,49301,29875,9,6815,85954
PB,Punjab,PB_Faridkot,Faridkot,Faridkot,57569,8000,80,57569,6996,31668,25884,17,6758,57807
PB,Punjab,PB_Fatehgarh Sahib,Fatehgarh Sahib,Fatehgarh Sahib,32395,9200,91,32395,4455,19290,13105,0,5014,31836
PB,Punjab,PB_Fazilka,Fazilka,Fazilka,56002,15600,156,56002,6219,33213,22786,3,10076,52145
PB,Punjab,PB_Ferozepur,Ferozpur,Ferozepur,52484,14300,143,52484,9312,31101,21378,5,7603,54193
PB,Punjab,PB_Gurdaspur,Gurdaspur,Gurdaspur,243100,29500,289,243100,20224,127468,115601,31,16923,246401
PB,Punjab,PB_Hoshiarpur,Hoshiarpur,Hoshiarpur,207653,15800,157,207653,17623,113337,94297,19,13282,211994
PB,Punjab,PB_Jalandhar,Jalandhar,Jalandhar,315710,32900,313,315710,36569,170259,145413,38,29431,322848
PB,Punjab,PB_Kapurthala,Kapurthala,Kapurthala,82247,12900,129,82247,6953,46115,36121,11,8757,80443
PB,Punjab,PB_Ludhiana,Ludhiana,Ludhiana,428771,68100,311,428771,63741,257716,171013,42,37655,454857
PB,Punjab,PB_Mansa,Mansa,Mansa,31482,7600,76,31482,3664,18939,12542,1,4760,30386
PB,Punjab,PB_Moga,Moga,Moga,53983,21600,142,53983,7273,30661,23316,6,4485,56771
PB,Punjab,PB_Pathankot,Pathankot,Pathankot,114230,11300,91,114230,10712,59165,55056,9,14475,110467
PB,Punjab,PB_Patiala,Patiala,Patiala,175274,21600,188,175274,16154,99307,75957,10,15735,175693
PB,Punjab,PB_Rupnagar,Rup Nagar,Rupnagar,42444,9600,79,42444,5240,25042,17397,5,5307,42377
PB,Punjab,PB_Sangrur,Sangrur,Sangrur,79480,35300,181,79480,6877,47841,31626,13,9944,76413
PB,Punjab,PB_S.A.S. Nagar,SAS Nagar,S.A.S. Nagar,151377,9700,96,151377,19811,93221,58141,15,19152,152036
PB,Punjab,PB_Shahid Bhagat Singh Nagar,SBS Nagar,Shahid Bhagat Singh Nagar,86126,5900,56,86126,6626,45361,40753,12,13541,79211
PB,Punjab,PB_Sri Muktsar Sahib,Sri Muktsar Sahib,Sri Muktsar Sahib,55460,9000,90,55460,4588,32353,23101,6,6939,53109
PB,Punjab,PB_Tarn Taran,Tarn Taran,Tarn Taran,76397,11700,85,76397,8697,42864,33525,8,6331,78763
RJ,Rajasthan,RJ_Ajmer,Ajmer,Ajmer,451546,12200,122,451546,98626,219119,232371,56,42911,507261
RJ,Rajasthan,RJ_Alwar,Alwar,Alwar,617489,33180,178,617489,120219,314995,302415,79,22122,715586
RJ,Rajasthan,RJ_Banswara,Banswara,Banswara,263525,400,4,263525,49555,126684,136787,54,6526,306554
RJ,Rajasthan,RJ_Baran,Baran,Baran,185837,3600,18,185837,42081,94374,91440,23,5150,222768
RJ,Rajasthan,RJ_Barmer,Barmer,Barmer,399193,60300,154,399193,65952,211420,187736,37,24119,441026
RJ,Rajasthan,RJ_Bharatpur,Bharatpur,Bharatpur,345533,1900,18,345533,46161,180076,165407,50,8915,382779
RJ,Rajasthan,RJ_Bhilwara,Bhilwara,Bhilwara,369078,13800,28,369078,57422,177079,191925,74,9035,417465
RJ,Rajasthan,RJ_Bikaner,Bikaner,Bikaner,369761,15800,107,369761,99723,195276,174434,51,28999,440485
RJ,Rajasthan,RJ_Bundi,Bundi,Bundi,234494,5000,50,234494,52462,114789,119647,58,4931,282025
RJ,Rajasthan,RJ_Chittorgarh,Chittorgarh,Chittorgarh,276430,8600,43,276430,49241,136057,140344,29,8767,316904
RJ,Rajasthan,RJ_Churu,Churu,Churu,269532,10750,44,269532,59982,131796,137703,33,2403,327111
RJ,Rajasthan,RJ_Dausa,Dausa,Dausa,178911,10500,69,178911,30713,92323,86575,13,8421,201203
RJ,Rajasthan,RJ_Dholpur,Dholpur,Dholpur,189251,6200,57,189251,33417,95311,93919,21,9476,213192
RJ,Rajasthan,RJ_Dungarpur,Dungarpur,Dungarpur,179829,6900,67,179829,37054,85212,94584,33,396,216487
RJ,Rajasthan,RJ_Hanumangarh,Hanumangarh,Hanumangarh,204779,200,2,204779,17459,104562,100207,10,3469,218769
RJ,Rajasthan,RJ_Jaipur,Jaipur I,Jaipur,647225,32900,215,647225,111709,349314,297802,109,80744,678190
RJ,Rajasthan,RJ_Jaipur,Jaipur II,Jaipur,376230,7500,75,376230,51774,195114,181079,37,59374,368630
RJ,Rajasthan,RJ_Jaisalmer,Jaisalmer,Jaisalmer,89344,13500,44,89344,25810,52009,37332,3,18164,96990
RJ,Rajasthan,RJ_Jalore,Jalore,Jalore,223139,3900,21,223139,43278,114507,108570,62,2377,264040
RJ,Rajasthan,RJ_Jhalawar,Jhalawar,Jhalawar,213127,7400,37,213127,42240,108976,104130,21,2884,252483
RJ,Rajasthan,RJ_Jhunjhunu,Jhunjhunu,Jhunjhunu,368736,10600,106,368736,71543,174272,194423,41,10549,429730
RJ,Rajasthan,RJ_Jodhpur,Jodhpur,Jodhpur,541126,58200,199,541126,118532,287439,253626,61,61724,597934
RJ,Rajasthan,RJ_Karauli,Karauli,Karauli,222312,400,2,222312,31691,111676,110588,48,6849,247154
RJ,Rajasthan,RJ_Kota,Kota,Kota,350938,30200,154,350938,58123,183098,167792,48,27408,381653
RJ,Rajasthan,RJ_Nagaur,Nagaur,Nagaur,656316,34200,130,656316,140806,314080,342138,98,11576,785546
RJ,Rajasthan,RJ_Pali,Pali,Pali,298353,26900,89,298353,62123,148360,149960,33,6259,354217
RJ,Rajasthan,RJ_Pratapgarh,Pratapgarh,Pratapgarh,91152,11900,41,91152,19616,45068,46076,8,1666,109102
RJ,Rajasthan,RJ_Rajsamand,Rajsamand,Rajsamand,187171,12200,61,187171,38878,88282,98859,30,4750,221299
RJ,Rajasthan,RJ_Sawai Madhopur,Sawai Madhopur,Sawai Madhopur,173668,24000,60,173668,31218,89678,83974,16,6532,198354
RJ,Rajasthan,RJ_Sikar,Sikar,Sikar,385939,13300,57,385939,56337,188823,197077,39,20539,421737
RJ,Rajasthan,RJ_Sirohi,Sirohi,Sirohi,153505,16600,81,153505,19743,76372,77114,19,7400,165848
RJ,Rajasthan,RJ_Ganganagar,Sri Ganganagar,Ganganagar,289572,20850,161,289572,63542,147347,142187,38,20459,332655
RJ,Rajasthan,RJ_Tonk,Tonk,Tonk,165362,10000,29,165362,27158,83957,81386,19,21287,171233
RJ,Rajasthan,RJ_Udaipur,Udaipur,Udaipur,419991,15100,151,419991,85144,209483,210456,52,30173,474962
SK,Sikkim,SK_East Sikkim,East Sikkim,East Sikkim,73516,1000,5,73516,14259,39117,34390,9,0,87775
SK,Sikkim,SK_North Sikkim,North Sikkim,North Sikkim,10001,0,0,10001,2708,5636,4363,2,0,12709
SK,Sikkim,SK_South Sikkim,South Sikkim,South Sikkim,37932,1600,8,37932,9407,20423,17502,7,0,47339
SK,Sikkim,SK_West Sikkim,West Sikkim,West Sikkim,32490,1600,8,32490,5582,17540,14947,3,0,38072
TN,Tamil Nadu,TN_Pudukkottai,Aranthangi,Pudukkottai,25648,4300,43,25648,3522,12349,13295,4,1134,28036
TN,Tamil Nadu,TN_Ariyalur,Ariyalur,Ariyalur,30572,7200,72,30572,7186,16232,14335,5,2076,35682
TN,Tamil Nadu,TN_Salem,Attur,Salem,109443,11500,115,109443,22573,46321,63104,18,6628,125388
TN,Tamil Nadu,TN_Chengalpattu,Chengalpet,Chengalpattu,180705,16250,158,180705,33852,95764,84927,14,22253,192304
TN,Tamil Nadu,TN_Chennai,Chennai,Chennai,1043844,134450,536,1043844,282682,553817,489946,81,338403,988123
TN,Tamil Nadu,TN_Tiruvannamalai,Cheyyar,Tiruvannamalai,23356,8800,88,23356,5005,12959,10394,3,5414,22947
TN,Tamil Nadu,TN_Coimbatore,Coimbatore,Coimbatore,320401,16400,141,320401,61180,171590,148781,30,37047,344534
TN,Tamil Nadu,TN_Cuddalore,Cuddalore,Cuddalore,106460,11500,115,106460,21255,60574,45874,12,23887,103828
TN,Tamil Nadu,TN_Dharmapuri,Dharmapuri,Dharmapuri,64707,9300,91,64707,13846,33179,31518,10,8123,70430
TN,Tamil Nadu,TN_Dindigul,Dindigul,Dindigul,58334,9200,92,58334,12877,28261,30068,5,7506,63705
TN,Tamil Nadu,TN_Erode,Erode,Erode,102459,30400,304,102459,19320,54055,48389,15,14726,107053
TN,Tamil Nadu,TN_Kallakurichi,Kallakurichi,Kallakurichi,40508,5900,59,40508,8430,20236,20269,3,2483,46455
TN,Tamil Nadu,TN_Kancheepuram,Kanchipuram,Kancheepuram,49576,7200,40,49576,10945,27026,22545,5,4379,56142
TN,Tamil Nadu,TN_Kanyakumari,Kanyakumari,Kanyakumari,85938,13200,132,85938,19730,40955,44972,11,7139,98529
TN,Tamil Nadu,TN_Karur,Karur,Karur,44082,9400,94,44082,8983,22247,21831,4,5630,47435
TN,Tamil Nadu,TN_Thoothukkudi,Kovilpatti,Thoothukkudi,27154,4700,47,27154,6337,12975,14177,2,3398,30093
TN,Tamil Nadu,TN_Krishnagiri,Krishnagiri,Krishnagiri,103011,14800,148,103011,19141,53763,49235,13,14604,107548
TN,Tamil Nadu,TN_Madurai,Madurai,Madurai,169380,20100,200,169380,36655,87751,81603,26,20335,185700
TN,Tamil Nadu,TN_Nagapattinam,Nagapattinam,Nagapattinam,41600,5800,58,41600,9979,22966,18629,5,5750,45829
TN,Tamil Nadu,TN_Namakkal,Namakkal,Namakkal,111074,10200,101,111074,18754,56106,54947,21,15748,114080
TN,Tamil Nadu,TN_Nilgiris,Nilgiris,Nilgiris,101871,9000,90,101871,22058,48337,53523,11,9298,114631
TN,Tamil Nadu,TN_Dindigul,Palani,Dindigul,43049,6400,64,43049,9734,21521,21524,4,2223,50560
TN,Tamil Nadu,TN_Ramanathapuram,Paramakudi,Ramanathapuram,30182,5600,56,30182,4345,12348,17831,3,995,33532
TN,Tamil Nadu,TN_Perambalur,Perambalur,Perambalur,27346,5100,51,27346,5203,12460,14884,2,1469,31080
TN,Tamil Nadu,TN_Thiruvallur,Poonamallee,Thiruvallur,41019,2700,27,41019,9524,23400,17619,0,1250,49293
TN,Tamil Nadu,TN_Pudukkottai,Pudukkottai,Pudukkottai,38861,5700,57,38861,7374,19728,19126,7,4685,41550
TN,Tamil Nadu,TN_Ramanathapuram,Ramanathapuram,Ramanathapuram,23701,6200,62,23701,5852,11606,12094,1,2873,26680
TN,Tamil Nadu,TN_Ranipet,Ranipet,Ranipet,39960,6400,64,39960,5630,22645,17312,3,6624,38966
TN,Tamil Nadu,TN_Salem,Salem,Salem,148681,21400,214,148681,35493,77610,71056,15,31953,152221
TN,Tamil Nadu,TN_Sivaganga,Sivaganga,Sivaganga,49820,10800,108,49820,10419,26254,23558,8,7702,52537
TN,Tamil Nadu,TN_Virudhunagar,Sivakasi,Virudhunagar,71942,5800,58,71942,14395,33135,38796,11,2059,84278
TN,Tamil Nadu,TN_Tenkasi,Tenkasi,Tenkasi,44022,6700,67,44022,10890,20567,23446,9,1713,53199
TN,Tamil Nadu,TN_Thanjavur,Thanjavur,Thanjavur,99250,23100,134,99250,25178,53206,46034,10,13728,110700
TN,Tamil Nadu,TN_Theni,Theni,Theni,44045,4200,43,44045,8363,23549,20490,6,6003,46405
TN,Tamil Nadu,TN_Thoothukkudi,Thoothukudi (Tuticorin),Thoothukkudi,31248,4000,40,31248,7284,16398,14844,6,5499,33033
TN,Tamil Nadu,TN_Tiruchirappalli,Tiruchirappalli,Tiruchirappalli,159439,20800,208,159439,31875,78786,80642,11,15841,175473
TN,Tamil Nadu,TN_Tirunelveli,Tirunelveli,Tirunelveli,51335,8000,72,51335,12177,29044,22288,3,7666,55846
TN,Tamil Nadu,TN_Tirupathur,Tirupattur,Tirupathur,53734,5900,58,53734,9161,24385,29340,9,4163,58732
TN,Tamil Nadu,TN_Tiruppur,Tiruppur,Tiruppur,105196,13100,131,105196,15897,57552,47631,13,15076,106017
TN,Tamil Nadu,TN_Thiruvallur,Tiruvallur,Thiruvallur,91983,22100,110,91983,21547,51570,40404,9,15894,97636
TN,Tamil Nadu,TN_Tiruvannamalai,Tiruvannamalai,Tiruvannamalai,40008,20800,117,40008,9066,21095,18906,7,4831,44243
TN,Tamil Nadu,TN_Thiruvarur,Tiruvarur,Thiruvarur,31877,10100,101,31877,7531,18894,12981,2,4960,34448
TN,Tamil Nadu,TN_Vellore,Vellore,Vellore,129848,12300,123,129848,24498,67492,62347,9,37422,116924
TN,Tamil Nadu,TN_Viluppuram,Viluppuram,Viluppuram,85227,12536,113,85227,12192,42697,42506,24,6723,90696
TN,Tamil Nadu,TN_Virudhunagar,Virudhunagar,Virudhunagar,66488,5000,50,66488,14751,28800,37679,9,3709,77530
TG,Telangana,TG_Adilabad,Adilabad,Adilabad,42106,3100,30,42106,6713,22285,19814,7,6215,42604
TG,Telangana,TG_Bhadradri Kothagudem,Bhadradri Kothagudem,Bhadradri Kothagudem,85563,8075,56,85563,19125,45804,39748,11,16909,87779
TG,Telangana,TG_Hyderabad,Hyderabad,Hyderabad,537376,11950,103,537376,129042,294847,242475,54,118793,547625
TG,Telangana,TG_Jagtial,Jagtial,Jagtial,94209,1300,6,94209,10469,45181,49006,22,14221,90457
TG,Telangana,TG_Jangaon,Jangaon,Jangaon,43685,1800,18,43685,6497,20260,23421,4,6061,44121
TG,Telangana,TG_Jayashankar Bhupalapally,Jayashankar Bhupalpally,Jayashankar Bhupalapally,57008,3000,15,57008,2791,27144,29852,12,14659,45140
TG,Telangana,TG_Jogulamba Gadwal,Jogulamba Gadwal,Jogulamba Gadwal,39295,1600,15,39295,4244,19760,19528,7,4825,38714
TG,Telangana,TG_Kamareddy,Kamareddy,Kamareddy,121221,4850,32,121221,13412,56701,64496,24,10782,123851
TG,Telangana,TG_Karimnagar,Karimnagar,Karimnagar,140634,1300,10,140634,15148,71907,68694,33,13268,142514
TG,Telangana,TG_Khammam,Khammam,Khammam,89113,1590,15,89113,20202,48574,40531,8,21701,87614
TG,Telangana,TG_Komaram Bheem,Kumuram Bheem,Komaram Bheem,33620,3350,24,33620,3755,17172,16437,11,6307,31068
TG,Telangana,TG_Mahabubabad,Mahabubabad,Mahabubabad,73354,2600,26,73354,9995,34687,38603,64,14928,68421
TG,Telangana,TG_Mahabubnagar,Mahabubnagar,Mahabubnagar,76016,6000,32,76016,10194,36084,39915,17,13325,72885
TG,Telangana,TG_Mancherial,Mancherial,Mancherial,57295,4500,31,57295,8991,30432,26856,7,5340,60946
TG,Telangana,TG_Medak,Medak,Medak,72233,4800,24,72233,5696,34735,37472,26,10103,67826
TG,Telangana,TG_Medchal Malkajgiri,Medchal,Medchal Malkajgiri,318049,9300,53,318049,53298,172795,145213,41,52706,318641
TG,Telangana,TG_Mulugu,Mulugu,Mulugu,39408,2700,9,39408,2620,19187,20216,5,11287,30741
TG,Telangana,TG_Nagarkurnool,Nagarkurnool,Nagarkurnool,73351,1950,16,73351,7314,34553,38765,33,6627,74038
TG,Telangana,TG_Nalgonda,Nalgonda,Nalgonda,81246,200,2,81246,11905,43167,38072,7,5211,87940
TG,Telangana,TG_Narayanpet,Narayanpet,Narayanpet,22288,3100,16,22288,2868,10997,11288,3,3112,22044
TG,Telangana,TG_Nirmal,Nirmal,Nirmal,100365,3000,30,100365,6612,47620,52731,14,9432,97545
TG,Telangana,TG_Nizamabad,Nizamabad,Nizamabad,120580,4400,44,120580,14284,61590,58971,19,10544,124320
TG,Telangana,TG_Peddapalli,Peddapalli,Peddapalli,70447,4900,48,70447,7604,36295,34146,6,10627,67424
TG,Telangana,TG_Rajanna Sircilla,Rajanna Sircilla,Rajanna Sircilla,83354,1600,16,83354,2756,38952,44375,27,8934,77176
TG,Telangana,TG_Ranga Reddy,Rangareddy,Ranga Reddy,299086,11750,80,299086,56894,164664,134388,34,39156,316824
TG,Telangana,TG_Sangareddy,Sangareddy,Sangareddy,104409,7150,40,104409,12004,58247,46145,17,24040,92373
TG,Telangana,TG_Siddipet,Siddipet,Siddipet,181104,0,0,181104,11378,81641,99411,52,31390,161092
TG,Telangana,TG_Suryapet,Suryapet,Suryapet,92380,5950,57,92380,10443,45370,46979,31,12832,89991
TG,Telangana,TG_Vikarabad,Vikarabad,Vikarabad,45524,4225,28,45524,7251,22962,22557,5,1223,51552
TG,Telangana,TG_Wanaparthy,Wanaparthy,Wanaparthy,38362,2700,17,38362,5136,18871,19488,3,4386,39112
TG,Telangana,TG_Warangal Rural,Warangal(Rural),Warangal Rural,33574,1900,18,33574,4198,17737,15823,14,6899,30873
TG,Telangana,TG_Warangal Urban,Warangal(Urban),Warangal Urban,142613,8750,56,142613,23625,76453,66126,34,33177,133061
TG,Telangana,TG_Yadadri Bhuvanagiri,Yadadri Bhuvanagiri,Yadadri Bhuvanagiri,150274,2600,10,150274,5863,70225,80005,44,33569,122568
TR,Tripura,TR_Dhalai,Dhalai,Dhalai,73368,0,0,73368,16716,39857,33502,9,0,90084
TR,Tripura,TR_Gomati,Gomati,Gomati,73413,8800,21,73413,13408,37998,35408,7,0,86821
TR,Tripura,TR_Khowai,Khowai,Khowai,54887,700,1,54887,11481,27982,26901,4,0,66368
TR,Tripura,TR_North Tripura,North Tripura,North Tripura,90000,0,0,90000,23332,46396,43594,10,0,113332
TR,Tripura,TR_Sipahijala,Sepahijala,Sipahijala,109933,14300,143,109933,18111,57720,52195,18,0,128044
TR,Tripura,TR_South Tripura,South Tripura,South Tripura,115597,200,2,115597,53307,59136,56447,14,0,168904
TR,Tripura,TR_Unokoti,Unakoti,Unokoti,52475,2400,12,52475,6642,26806,25663,6,0,59117
TR,Tripura,TR_West Tripura,West Tripura,West Tripura,254965,41500,207,254965,53259,131166,123766,33,0,308224
UP,Uttar Pradesh,UP_Agra,Agra,Agra,220030,1000,10,220030,51177,130659,89352,19,20197,251010
UP,Uttar Pradesh,UP_Aligarh,Aligarh,Aligarh,151689,1300,12,151689,38812,85690,65986,13,33424,157077
UP,Uttar Pradesh,UP_Ambedkar Nagar,Ambedkar Nagar,Ambedkar Nagar,88859,240,1,88859,16943,51304,37549,6,10939,94863
UP,Uttar Pradesh,UP_Amethi,Amethi,Amethi,105879,0,0,105879,25203,55395,50467,17,18471,112611
UP,Uttar Pradesh,UP_Amroha,Amroha,Amroha,70556,970,9,70556,13460,39492,31059,5,9148,74868
UP,Uttar Pradesh,UP_Auraiya,Auraiya,Auraiya,57974,0,0,57974,18889,34740,23230,4,6640,70223
UP,Uttar Pradesh,UP_Ayodhya,Ayodhya,Ayodhya,94748,340,3,94748,28738,56211,38520,17,12849,110637
UP,Uttar Pradesh,UP_Azamgarh,Azamgarh,Azamgarh,160547,600,6,160547,29414,87060,73470,17,28953,161008
UP,Uttar Pradesh,UP_Budaun,Badaun,Budaun,154268,500,5,154268,20529,81472,72768,28,17678,157119
UP,Uttar Pradesh,UP_Baghpat,Baghpat,Baghpat,99639,100,1,99639,12873,53538,46089,12,6732,105780
UP,Uttar Pradesh,UP_Bahraich,Bahraich,Bahraich,191820,1120,11,191820,37311,105775,86030,15,29452,199679
UP,Uttar Pradesh,UP_Balrampur,Balarampur,Balrampur,145111,2350,15,145111,22300,78868,66228,15,18889,148522
UP,Uttar Pradesh,UP_Ballia,Ballia,Ballia,117327,300,2,117327,25828,67932,49350,45,14365,128790
UP,Uttar Pradesh,UP_Banda,Banda,Banda,80886,720,6,80886,15929,46285,34585,16,7738,89077
UP,Uttar Pradesh,UP_Barabanki,Barabanki,Barabanki,115182,700,7,115182,29948,65816,49358,8,15679,129451
UP,Uttar Pradesh,UP_Bareilly,Bareilly,Bareilly,229232,980,7,229232,51434,127926,101264,42,13476,267190
UP,Uttar Pradesh,UP_Basti,Basti,Basti,146197,2200,19,146197,27445,84289,61891,17,7653,165989
UP,Uttar Pradesh,UP_Bhadohi,Bhadohi,Bhadohi,81017,3520,23,81017,9423,43146,37856,15,11009,79431
UP,Uttar Pradesh,UP_Bijnor,Bijnour,Bijnor,153423,500,5,153423,43078,82246,71165,12,17019,179482
UP,Uttar Pradesh,UP_Bulandshahr,Bulandshahr,Bulandshahr,163222,100,1,163222,45782,90091,73114,17,17964,191040
UP,Uttar Pradesh,UP_Chandauli,Chandauli,Chandauli,82584,200,2,82584,15046,46181,36396,7,4791,92839
UP,Uttar Pradesh,UP_Chitrakoot,Chitrakoot,Chitrakoot,43344,1000,10,43344,7888,24935,18402,7,4908,46324
UP,Uttar Pradesh,UP_Deoria,Deoria,Deoria,140622,3000,27,140622,28392,78798,61810,14,10180,158834
UP,Uttar Pradesh,UP_Etah,Etah,Etah,66629,100,1,66629,14465,37954,28667,8,7313,73781
UP,Uttar Pradesh,UP_Etawah,Etawah,Etawah,81960,0,0,81960,20966,47754,34193,13,7819,95107
UP,Uttar Pradesh,UP_Farrukhabad,Farrukhabad,Farrukhabad,83672,29100,106,83672,24273,48685,34965,22,9265,98680
UP,Uttar Pradesh,UP_Fatehpur,Fatehpur,Fatehpur,112697,220,2,112697,27863,62194,50491,12,18303,122257
UP,Uttar Pradesh,UP_Firozabad,Firozabad,Firozabad,109397,520,5,109397,19494,59906,49466,25,13419,115472
UP,Uttar Pradesh,UP_Gautam Buddha Nagar,Gautam Buddha Nagar,Gautam Buddha Nagar,264400,1400,11,264400,53410,153583,110768,49,23830,293980
UP,Uttar Pradesh,UP_Ghaziabad,Ghaziabad,Ghaziabad,266132,600,6,266132,50751,150177,115922,33,27000,289883
UP,Uttar Pradesh,UP_Ghazipur,Ghazipur,Ghazipur,121939,1900,19,121939,24552,68650,53276,13,13703,132788
UP,Uttar Pradesh,UP_Gonda,Gonda,Gonda,137183,2160,16,137183,22405,78532,58634,17,14944,144644
UP,Uttar Pradesh,UP_Gorakhpur,Gorakhpur,Gorakhpur,227373,1450,14,227373,39480,131448,95904,21,23112,243741
UP,Uttar Pradesh,UP_Hamirpur,Hamirpur,Hamirpur,75922,0,0,75922,11949,40799,35119,4,4622,83249
UP,Uttar Pradesh,UP_Hapur,Hapur,Hapur,73834,520,3,73834,14415,41933,31896,5,7743,80506
UP,Uttar Pradesh,UP_Hardoi,Hardoi,Hardoi,135044,0,0,135044,33781,73888,61137,19,13870,154955
UP,Uttar Pradesh,UP_Hathras,Hathras,Hathras,90088,2940,29,90088,16074,48388,41693,7,9699,96463
UP,Uttar Pradesh,UP_Jalaun,Jalaun,Jalaun,88904,1000,6,88904,12884,50960,37935,9,6208,95580
UP,Uttar Pradesh,UP_Jaunpur,Jaunpur,Jaunpur,200204,0,0,200204,33009,108948,91231,25,26162,207051
UP,Uttar Pradesh,UP_Jhansi,Jhansi,Jhansi,101206,300,3,101206,27259,60013,41184,9,15710,112755
UP,Uttar Pradesh,UP_Kannauj,Kannauj,Kannauj,58750,100,1,58750,15511,34558,24171,21,3323,70938
UP,Uttar Pradesh,UP_Kanpur Dehat,Kanpur Dehat,Kanpur Dehat,87093,600,5,87093,18965,50390,36681,22,6811,99247
UP,Uttar Pradesh,UP_Kanpur Nagar,Kanpur Nagar,Kanpur Nagar,260654,1260,11,260654,58371,152632,107990,32,28542,290483
UP,Uttar Pradesh,UP_Kasganj,Kasganj,Kasganj,59510,0,0,59510,14947,32073,27426,11,7912,66545
UP,Uttar Pradesh,UP_Kaushambi,Kaushambi,Kaushambi,65636,150,1,65636,13432,36059,29574,3,7507,71561
UP,Uttar Pradesh,UP_Kushinagar,Kushinagar,Kushinagar,149730,0,0,149730,30582,84308,65403,19,17562,162750
UP,Uttar Pradesh,UP_Lakhimpur Kheri,Lakhimpur Kheri,Lakhimpur Kheri,135150,5480,24,135150,25039,77731,57406,13,14474,145715
UP,Uttar Pradesh,UP_Lalitpur,Lalitpur,Lalitpur,63023,100,1,63023,8245,34240,28777,6,6610,64658
UP,Uttar Pradesh,UP_Lucknow,Lucknow,Lucknow,404673,3400,29,404673,111473,240527,164059,87,58876,457270
UP,Uttar Pradesh,UP_Maharajganj,Maharajganj,Maharajganj,118572,4700,24,118572,19350,64944,53615,13,12687,125235
UP,Uttar Pradesh,UP_Mahoba,Mahoba,Mahoba,78468,0,0,78468,10756,40944,37511,13,3479,85745
UP,Uttar Pradesh,UP_Mainpuri,Mainpuri,Mainpuri,86758,0,0,86758,13504,46970,39778,10,11473,88789
UP,Uttar Pradesh,UP_Mathura,Mathura,Mathura,137735,1040,10,137735,23368,80364,57345,26,23062,138041
UP,Uttar Pradesh,UP_Mau,Mau,Mau,82115,400,3,82115,18795,46419,35684,12,10075,90835
UP,Uttar Pradesh,UP_Meerut,Meerut,Meerut,274891,1100,11,274891,50737,152206,122640,45,28122,297506
UP,Uttar Pradesh,UP_Mirzapur,Mirzapur,Mirzapur,125377,5575,34,125377,19493,68192,57169,16,17474,127396
UP,Uttar Pradesh,UP_Moradabad,Moradabad,Moradabad,139021,600,6,139021,33513,77098,61905,18,25539,146995
UP,Uttar Pradesh,UP_Muzaffarnagar,Muzaffarnagar,Muzaffarnagar,136558,6170,49,136558,26880,74338,62195,25,15204,148234
UP,Uttar Pradesh,UP_Pilibhit,Pilibhit,Pilibhit,137792,400,3,137792,21434,73442,64334,16,15996,143230
UP,Uttar Pradesh,UP_Pratapgarh,Pratapgarh,Pratapgarh,113786,2740,11,113786,24460,61261,52505,20,8139,130107
UP,Uttar Pradesh,UP_Prayagraj,Prayagraj,Prayagraj,259323,1940,15,259323,68594,153943,105347,33,23333,304584
UP,Uttar Pradesh,UP_Rae Bareli,Raebareli,Rae Bareli,116066,960,9,116066,17813,62774,53278,14,8601,125278
UP,Uttar Pradesh,UP_Rampur,Rampur,Rampur,92009,320,3,92009,22825,48826,43174,9,17317,97517
UP,Uttar Pradesh,UP_Saharanpur,Saharanpur,Saharanpur,175415,500,4,175415,29247,96293,79102,20,14268,190394
UP,Uttar Pradesh,UP_Sambhal,Sambhal,Sambhal,78351,120,1,78351,15143,42387,35957,7,12620,80874
UP,Uttar Pradesh,UP_Sant Kabir Nagar,Sant Kabir Nagar,Sant Kabir Nagar,69572,900,6,69572,14736,37030,32300,242,8068,76240
UP,Uttar Pradesh,UP_Shahjahanpur,Shahjahanpur,Shahjahanpur,138817,100,1,138817,29374,77944,60844,29,11802,156389
UP,Uttar Pradesh,UP_Shamli,Shamli,Shamli,64034,300,3,64034,13863,36562,27462,10,6860,71037
UP,Uttar Pradesh,UP_Shrawasti,Shravasti,Shrawasti,47841,600,6,47841,10881,27040,20799,2,7793,50929
UP,Uttar Pradesh,UP_Siddharthnagar,Siddharthnagar,Siddharthnagar,148450,3960,36,148450,24628,77732,70697,21,10366,162712
UP,Uttar Pradesh,UP_Sitapur,Sitapur,Sitapur,177336,1600,16,177336,25884,101298,76009,29,18671,184549
UP,Uttar Pradesh,UP_Sonbhadra,Sonbhadra,Sonbhadra,76683,600,5,76683,14856,47138,29541,4,12817,78722
UP,Uttar Pradesh,UP_Sultanpur,Sultanpur,Sultanpur,121150,200,2,121150,26337,65842,55299,9,9930,137557
UP,Uttar Pradesh,UP_Unnao,Unnao,Unnao,157972,2700,27,157972,20425,85100,72848,24,18306,160091
UP,Uttar Pradesh,UP_Varanasi,Varanasi,Varanasi,214429,1600,16,214429,44116,132634,81770,25,30494,228051
UT,Uttarakhand,UT_Almora,Almora,Almora,100540,8450,68,100540,20728,43993,56535,12,0,121268
UT,Uttarakhand,UT_Bageshwar,Bageshwar,Bageshwar,50869,2600,26,50869,10246,23051,27817,1,0,61115
UT,Uttarakhand,UT_Chamoli,Chamoli,Chamoli,82150,1000,10,82150,16846,39731,42404,15,0,98996
UT,Uttarakhand,UT_Champawat,Champawat,Champawat,45859,3000,26,45859,8152,22870,22983,6,0,54011
UT,Uttarakhand,UT_Dehradun,Dehradun,Dehradun,328048,14650,92,328048,77465,170607,157404,37,370,405143
UT,Uttarakhand,UT_Haridwar,Haridwar,Haridwar,230477,10300,74,230477,55576,129926,100523,28,463,285590
UT,Uttarakhand,UT_Nainital,Nainital,Nainital,144030,11250,45,144030,34024,73051,70924,55,0,178054
UT,Uttarakhand,UT_Pauri Garhwal,Pauri Garhwal,Pauri Garhwal,125971,6600,32,125971,21864,57997,67962,12,0,147835
UT,Uttarakhand,UT_Pithoragarh,Pithoragarh,Pithoragarh,60892,4350,29,60892,16594,30389,30491,12,0,77486
UT,Uttarakhand,UT_Rudraprayag,Rudraprayag,Rudraprayag,39561,1900,19,39561,7076,17192,22362,7,0,46637
UT,Uttarakhand,UT_Tehri Garhwal,Tehri Garhwal,Tehri Garhwal,94234,18000,36,94234,17586,41386,52841,7,0,111820
UT,Uttarakhand,UT_Udham Singh Nagar,Udham Singh Nagar,Udham Singh Nagar,157446,27400,62,157446,30519,84991,72428,27,0,187965
UT,Uttarakhand,UT_Uttarkashi,Uttarkashi,Uttarkashi,71418,7700,25,71418,20614,34766,36644,8,0,92032
WB,West Bengal,WB_Alipurduar,Alipurduar District,Alipurduar,141741,3900,22,141741,36533,74084,67637,20,33759,144515
WB,West Bengal,WB_Bankura,Bankura,Bankura,203217,2400,14,203217,55803,111907,91295,15,37264,221756
WB,West Bengal,WB_North 24 Parganas,Basirhat HD (North 24 Parganas),North 24 Parganas,214340,18805,98,214340,40378,109419,104899,22,31175,223543
WB,West Bengal,WB_Birbhum,Birbhum,Birbhum,204068,9300,93,204068,32924,108352,95697,19,26926,210066
WB,West Bengal,WB_Bankura,Bishnupur HD (Bankura),Bankura,72071,0,0,72071,24381,40802,31266,3,12340,84112
WB,West Bengal,WB_Cooch Behar,COOCHBEHAR,Cooch Behar,207494,23800,120,207494,39468,113127,94348,19,28233,218729
WB,West Bengal,WB_Dakshin Dinajpur,Dakshin Dinajpur,Dakshin Dinajpur,170467,2700,20,170467,33822,87200,83241,26,28836,175453
WB,West Bengal,WB_Darjeeling,Darjeeling,Darjeeling,224150,11000,64,224150,52924,113901,110228,21,46495,230579
WB,West Bengal,WB_South 24 Parganas,Diamond Harbor HD (S 24 Parganas),South 24 Parganas,265611,4900,49,265611,51173,137588,127998,25,23779,293005
WB,West Bengal,WB_Purba Bardhaman,East Bardhaman,Purba Bardhaman,428511,7200,46,428511,75865,228334,200147,30,37567,466809
WB,West Bengal,WB_Hooghly,Hoogly,Hooghly,574155,6500,64,574155,104462,298664,275450,41,58395,620222
WB,West Bengal,WB_Howrah,Howrah,Howrah,427450,4370,28,427450,91982,226217,201189,44,39061,480371
WB,West Bengal,WB_Jalpaiguri,Jalpaiguri,Jalpaiguri,133489,700,6,133489,33934,75253,58221,15,23038,144385
WB,West Bengal,WB_Jhargram,Jhargram,Jhargram,63250,5300,19,63250,24831,40424,22822,4,15214,72867
WB,West Bengal,WB_Kalimpong,Kalimpong,Kalimpong,47412,2000,5,47412,12065,23677,23730,5,8706,50771
WB,West Bengal,WB_Kolkata,Kolkata,Kolkata,982595,33000,90,982595,222378,552831,429598,166,138379,1066594
WB,West Bengal,WB_Malda,Malda,Malda,256644,5000,28,256644,53010,136139,120443,62,58473,251181
WB,West Bengal,WB_Murshidabad,Murshidabad,Murshidabad,469408,2400,12,469408,96634,236144,233219,45,66475,499567
WB,West Bengal,WB_Nadia,Nadia,Nadia,379856,2100,10,379856,79887,203050,176773,33,34716,425027
WB,West Bengal,WB_Purba Medinipur,Nandigram HD (East Medinipore),Purba Medinipur,247286,2200,11,247286,39978,129757,117504,25,26471,260793
WB,West Bengal,WB_North 24 Parganas,North 24 Parganas,North 24 Parganas,705837,26300,122,705837,117568,385558,320189,90,87077,736328
WB,West Bengal,WB_Paschim Medinipur,Paschim Medinipore,Paschim Medinipur,373530,14700,107,373530,78191,209262,164238,30,52468,399253
WB,West Bengal,WB_Purba Medinipur,Purba Medinipore,Purba Medinipur,326782,1300,7,326782,79178,173756,152999,27,29990,375970
WB,West Bengal,WB_Purulia,Purulia,Purulia,191029,3100,11,191029,52990,108689,82323,17,43033,200986
WB,West Bengal,WB_Birbhum,Rampurhat HD (Birbhum),Birbhum,131529,1000,8,131529,17749,68248,63264,17,15928,133350
WB,West Bengal,WB_South 24 Parganas,South 24 Parganas,South 24 Parganas,424113,9650,60,424113,91349,214339,209703,71,28356,487106
WB,West Bengal,WB_Uttar Dinajpur,Uttar Dinajpur,Uttar Dinajpur,157968,100,1,157968,38691,86195,71757,16,26270,170389
WB,West Bengal,WB_Paschim Bardhaman,West Bardhaman,Paschim Bardhaman,219726,7200,72,219726,47375,129607,90090,29,20164,246937
